age,ecc
-0.0,0.016702
100.0,0.01675
200.0,0.016797
300.0,0.016845
400.0,0.016892
500.0,0.01694
600.0,0.016986
700.0,0.017032
800.0,0.017076
900.0,0.01712
1000.0,0.017161
1100.0,0.0172
1200.0,0.017236
1300.0,0.017272
1400.0,0.017306
1500.0,0.017339
1600.0,0.017371
1700.0,0.017403
1800.0,0.017434
1900.0,0.017466
2000.0,0.017497
2100.0,0.017529
2200.0,0.017562
2300.0,0.017596
2400.0,0.017629
2500.0,0.017664
2600.0,0.017699
2700.0,0.017735
2800.0,0.017771
2900.0,0.017808
3000.0,0.017846
3100.0,0.017885
3200.0,0.017924
3300.0,0.017962
3400.0,0.018001
3500.0,0.018039
3600.0,0.018076
3700.0,0.018111
3800.0,0.018146
3900.0,0.018179
4000.0,0.018211
4100.0,0.018238
4200.0,0.018264
4300.0,0.018289
4400.0,0.018313
4500.0,0.018336
4600.0,0.018359
4700.0,0.018382
4800.0,0.018405
4900.0,0.018429
5000.0,0.018453
5100.0,0.018483
5200.0,0.018512
5300.0,0.018543
5400.0,0.018573
5500.0,0.018604
5600.0,0.018635
5700.0,0.018664
5800.0,0.018694
5900.0,0.018722
6000.0,0.018748
6100.0,0.01877
6200.0,0.018791
6300.0,0.01881
6400.0,0.018829
6500.0,0.018847
6600.0,0.018864
6700.0,0.018882
6800.0,0.0189
6900.0,0.018918
7000.0,0.018937
7100.0,0.01896
7200.0,0.018984
7300.0,0.019009
7400.0,0.019034
7500.0,0.019059
7600.0,0.019084
7700.0,0.019109
7800.0,0.019134
7900.0,0.019157
8000.0,0.01918
8100.0,0.0192
8200.0,0.019219
8300.0,0.019236
8400.0,0.019252
8500.0,0.019267
8600.0,0.019281
8700.0,0.019293
8800.0,0.019305
8900.0,0.019316
9000.0,0.019325
9100.0,0.019334
9200.0,0.019342
9300.0,0.019351
9400.0,0.019359
9500.0,0.019368
9600.0,0.019377
9700.0,0.019388
9800.0,0.019399
9900.0,0.019411
10000.0,0.019425
10100.0,0.019442
10200.0,0.01946
10300.0,0.019479
10400.0,0.019498
10500.0,0.019517
10600.0,0.019536
10700.0,0.019553
10800.0,0.01957
10900.0,0.019584
11000.0,0.019597
11100.0,0.019605
11200.0,0.01961
11300.0,0.019614
11400.0,0.019616
11500.0,0.019617
11600.0,0.019617
11700.0,0.019616
11800.0,0.019615
11900.0,0.019614
12000.0,0.019613
12100.0,0.019614
12200.0,0.019616
12300.0,0.019619
12400.0,0.019622
12500.0,0.019626
12600.0,0.01963
12700.0,0.019635
12800.0,0.01964
12900.0,0.019645
13000.0,0.019651
13100.0,0.019655
13200.0,0.01966
13300.0,0.019664
13400.0,0.019668
13500.0,0.019672
13600.0,0.019674
13700.0,0.019677
13800.0,0.019678
13900.0,0.019679
14000.0,0.019679
14100.0,0.019678
14200.0,0.019676
14300.0,0.019673
14400.0,0.019669
14500.0,0.019665
14600.0,0.01966
14700.0,0.019655
14800.0,0.019648
14900.0,0.019642
15000.0,0.019635
15100.0,0.019628
15200.0,0.01962
15300.0,0.019613
15400.0,0.019605
15500.0,0.019597
15600.0,0.01959
15700.0,0.019582
15800.0,0.019575
15900.0,0.019567
16000.0,0.01956
16100.000000000002,0.019554
16200.0,0.019548
16300.0,0.019542
16400.0,0.019536
16500.0,0.019529
16600.0,0.019522
16700.0,0.019514
16800.0,0.019506
16900.0,0.019497
17000.0,0.019487
17100.0,0.019475
17200.0,0.019462
17300.0,0.019448
17400.0,0.019434
17500.0,0.019419
17600.0,0.019405
17700.0,0.01939
17800.0,0.019375
17900.0,0.019361
18000.0,0.019347
18100.0,0.019336
18200.0,0.019325
18300.0,0.019314
18400.0,0.019303
18500.0,0.019291
18600.0,0.019279
18700.0,0.019267
18800.0,0.019253
18900.0,0.019239
19000.0,0.019223
19100.0,0.019204
19200.0,0.019183
19300.0,0.019161
19400.0,0.019139
19500.0,0.019116
19600.0,0.019093
19700.0,0.01907
19800.0,0.019047
19900.0,0.019024
20000.0,0.019003
20100.0,0.018984
20200.0,0.018966
20300.0,0.018949
20400.0,0.018932
20500.0,0.018916
20600.0,0.0189
20700.0,0.018884
20800.0,0.018868
20900.0,0.018852
21000.0,0.018835
21100.0,0.018817
21200.0,0.018798
21300.0,0.018779
21400.0,0.018758
21500.0,0.018737
21600.0,0.018715
21700.0,0.018692
21800.0,0.018668
21900.0,0.018643
22000.0,0.018617
22100.0,0.018591
22200.0,0.018564
22300.0,0.018537
22400.0,0.018509
22500.0,0.018481
22600.0,0.018453
22700.0,0.018424
22800.0,0.018396
22900.0,0.018368
23000.0,0.018341
23100.0,0.018313
23200.0,0.018286
23300.0,0.01826
23400.0,0.018235
23500.0,0.01821
23600.0,0.018185
23700.0,0.018162
23800.0,0.018139
23900.0,0.018116
24000.0,0.018095
24100.0,0.018075
24200.0,0.018055
24300.0,0.018035
24400.0,0.018015
24500.0,0.017994
24600.0,0.017972
24700.0,0.017948
24800.0,0.017923
24900.0,0.017897
25000.0,0.017868
25100.0,0.017834
25200.0,0.017798
25300.0,0.017762
25400.0,0.017724
25500.0,0.017686
25600.0,0.017648
25700.0,0.017611
25800.0,0.017575
25900.0,0.01754
26000.0,0.017507
26100.0,0.01748
26200.0,0.017454
26300.0,0.01743
26400.0,0.017408
26500.0,0.017386
26600.0,0.017365
26700.0,0.017344
26800.0,0.017323
26900.0,0.017302
27000.0,0.017279
27100.0,0.017252
27200.0,0.017224
27300.0,0.017195
27400.0,0.017165
27500.0,0.017133
27600.0,0.017101
27700.0,0.017068
27800.0,0.017035
27900.0,0.017001
28000.0,0.016967
28100.0,0.016934
28200.0,0.016901
28300.0,0.016869
28400.0,0.016836
28500.0,0.016805
28600.0,0.016773
28700.0,0.016742
28800.0,0.016712
28900.0,0.016682
29000.0,0.016652
29100.0,0.016623
29200.0,0.016595
29300.0,0.016567
29400.0,0.016539
29500.0,0.01651
29600.0,0.016482
29700.0,0.016454
29800.0,0.016425
29900.0,0.016395
30000.0,0.016366
30100.0,0.016334
30200.0,0.016301
30300.0,0.016269
30400.0,0.016236
30500.0,0.016203
30600.0,0.016171
30700.0,0.016139
30800.0,0.016107
30900.0,0.016076
31000.0,0.016045
31100.0,0.016018
31200.0,0.015991
31300.0,0.015965
31400.0,0.015939
31500.0,0.015913
31600.0,0.015887
31700.0,0.015861
31800.0,0.015834
31900.0,0.015807
32000.0,0.015778
32100.0,0.015747
32200.000000000004,0.015716
32299.999999999996,0.015683
32400.0,0.01565
32500.0,0.015617
32600.0,0.015583
32700.000000000004,0.015549
32800.0,0.015516
32900.0,0.015482
33000.0,0.01545
33100.0,0.015418
33200.0,0.015388
33300.0,0.015359
33400.0,0.01533
33500.0,0.015302
33600.0,0.015275
33700.0,0.015249
33800.0,0.015224
33900.0,0.015199
34000.0,0.015175
34100.0,0.015152
34200.0,0.015129
34300.0,0.015107
34400.0,0.015085
34500.0,0.015062
34600.0,0.015039
34700.0,0.015016
34800.0,0.014992
34900.0,0.014968
35000.0,0.014942
35100.0,0.014915
35200.0,0.014887
35300.0,0.014858
35400.0,0.014829
35500.0,0.014799
35600.0,0.014769
35700.0,0.014739
35800.0,0.01471
35900.0,0.01468
36000.0,0.014652
36100.0,0.014624
36200.0,0.014598
36300.0,0.014572
36400.0,0.014547
36500.0,0.014524
36600.0,0.014502
36700.0,0.014481
36800.0,0.014461
36900.0,0.014442
37000.0,0.014424
37100.0,0.014409
37200.0,0.014394
37300.0,0.01438
37400.0,0.014365
37500.0,0.014351
37600.0,0.014337
37700.0,0.014322
37800.0,0.014306
37900.0,0.014289
38000.0,0.014271
38100.0,0.014249
38200.0,0.014225
38300.0,0.014202
38400.0,0.014177
38500.0,0.014153
38600.0,0.014129
38700.0,0.014105
38800.0,0.014082
38900.0,0.01406
39000.0,0.014039
39100.0,0.014023
39200.0,0.014009
39300.0,0.013995
39400.0,0.013984
39500.0,0.013973
39600.0,0.013963
39700.0,0.013954
39800.0,0.013946
39900.0,0.013937
40000.0,0.013929
40100.0,0.01392
40200.0,0.01391
40300.0,0.0139
40400.0,0.013889
40500.0,0.013879
40600.0,0.013868
40700.0,0.013857
40800.0,0.013846
40900.0,0.013835
41000.0,0.013824
41100.0,0.013813
41200.0,0.013802
41300.0,0.013792
41400.0,0.013782
41500.0,0.013772
41600.0,0.013763
41700.0,0.013755
41800.0,0.013748
41900.0,0.013741
42000.0,0.013735
42100.0,0.013732
42200.0,0.013729
42300.0,0.013727
42400.0,0.013725
42500.0,0.013724
42600.0,0.013723
42700.0,0.013722
42800.0,0.013721
42900.0,0.01372
43000.0,0.013719
43100.0,0.013716
43200.0,0.013713
43300.0,0.01371
43400.0,0.013707
43500.0,0.013705
43600.0,0.013703
43700.0,0.013702
43800.0,0.013702
43900.0,0.013703
44000.0,0.013706
44100.0,0.013712
44200.0,0.013719
44300.0,0.013727
44400.0,0.013736
44500.0,0.013746
44600.0,0.013755
44700.0,0.013765
44800.0,0.013775
44900.0,0.013784
45000.0,0.013793
45100.0,0.013798
45200.0,0.013803
45300.0,0.013808
45400.0,0.013812
45500.0,0.013816
45600.0,0.01382
45700.0,0.013825
45800.0,0.01383
45900.0,0.013836
46000.0,0.013843
46100.0,0.013852
46200.0,0.013863
46300.0,0.013875
46400.0,0.013888
46500.0,0.013902
46600.0,0.013918
46700.0,0.013934
46800.0,0.013951
46900.0,0.013968
47000.0,0.013987
47100.0,0.014005
47200.0,0.014023
47300.0,0.014042
47400.0,0.014062
47500.0,0.014081
47600.0,0.014101
47700.0,0.014121
47800.0,0.014141
47900.0,0.014161
48000.0,0.014182
48100.0,0.014203
48200.0,0.014224
48300.0,0.014244
48400.0,0.014265
48500.0,0.014286
48600.0,0.014306
48700.0,0.014326
48800.0,0.014346
48900.0,0.014366
49000.0,0.014385
49100.0,0.014403
49200.0,0.014421
49300.0,0.014439
49400.0,0.014459
49500.0,0.014479
49600.0,0.0145
49700.0,0.014522
49800.0,0.014546
49900.0,0.014572
50000.0,0.0146
50100.0,0.014633
50200.0,0.014668
50300.0,0.014704
50400.0,0.01474
50500.0,0.014778
50600.0,0.014815
50700.0,0.014852
50800.0,0.014888
50900.0,0.014924
51000.0,0.014958
51100.0,0.014987
51200.0,0.015015
51300.0,0.015041
51400.0,0.015066
51500.0,0.015091
51600.0,0.015116
51700.0,0.01514
51800.0,0.015165
51900.0,0.01519
52000.0,0.015217
52100.0,0.015247
52200.0,0.015279
52300.0,0.015311
52400.0,0.015346
52500.0,0.015381
52600.0,0.015417
52700.0,0.015455
52800.0,0.015493
52900.0,0.015532
53000.0,0.015571
53100.0,0.01561
53200.0,0.01565
53300.0,0.015689
53400.0,0.015729
53500.0,0.015768
53600.0,0.015807
53700.0,0.015846
53800.0,0.015885
53900.0,0.015923
54000.0,0.015961
54100.0,0.015999
54200.0,0.016035
54300.0,0.016072
54400.0,0.016108
54500.0,0.016145
54600.0,0.016181
54700.0,0.016218
54800.0,0.016255
54900.0,0.016293
55000.0,0.01633
55100.0,0.01637
55200.0,0.016409
55300.0,0.01645
55400.0,0.01649
55500.0,0.016531
55600.0,0.016573
55700.0,0.016614
55800.0,0.016656
55900.0,0.016698
56000.0,0.016739
56100.0,0.01678
56200.0,0.016821
56300.0,0.016863
56400.0,0.016904
56500.0,0.016945
56600.0,0.016987
56700.0,0.017029
56800.0,0.017071
56900.0,0.017113
57000.0,0.017156
57100.0,0.0172
57200.0,0.017244
57300.0,0.017289
57400.0,0.017334
57500.0,0.017379
57600.0,0.017424
57700.0,0.017469
57800.0,0.017515
57900.0,0.01756
58000.0,0.017605
58100.0,0.017651
58200.0,0.017696
58300.0,0.017741
58400.0,0.017785
58500.0,0.017829
58600.0,0.017873
58700.0,0.017916
58800.0,0.017959
58900.0,0.018002
59000.0,0.018044
59100.0,0.018085
59200.0,0.018125
59300.0,0.018166
59400.0,0.018207
59500.0,0.018249
59600.0,0.018291
59700.0,0.018334
59800.0,0.018378
59900.0,0.018423
60000.0,0.018469
60100.0,0.018519
60200.0,0.018569
60300.0,0.018621
60400.0,0.018673
60500.0,0.018725
60600.0,0.018777
60700.0,0.01883
60800.0,0.018881
60900.0,0.018932
61000.0,0.018983
61100.0,0.01903
61200.0,0.019076
61300.0,0.019121
61400.0,0.019165
61500.0,0.019208
61600.0,0.019251
61700.0,0.019293
61800.0,0.019334
61900.0,0.019375
62000.0,0.019417
62100.0,0.019458
62200.0,0.0195
62300.0,0.019542
62400.0,0.019585
62500.0,0.019629
62600.0,0.019674
62700.0,0.01972
62800.0,0.019767
62900.0,0.019814
63000.0,0.019863
63100.0,0.019915
63200.0,0.019968
63300.0,0.020021
63400.0,0.020075
63500.0,0.020129
63600.0,0.020182
63700.0,0.020235
63800.0,0.020287
63900.0,0.020338
64000.0,0.020389
64099.99999999999,0.020435
64200.0,0.02048
64300.0,0.020524
64400.00000000001,0.020567
64500.0,0.02061
64599.99999999999,0.020652
64700.0,0.020694
64800.0,0.020736
64900.00000000001,0.020779
65000.0,0.020822
65099.99999999999,0.020869
65200.0,0.020916
65300.0,0.020964
65400.00000000001,0.021012
65500.0,0.021061
65600.0,0.021111
65700.0,0.021161
65800.0,0.021211
65900.0,0.021261
66000.0,0.021311
66100.0,0.02136
66200.0,0.021408
66300.0,0.021456
66400.0,0.021504
66500.0,0.021552
66600.0,0.0216
66700.0,0.021648
66800.0,0.021696
66900.0,0.021745
67000.0,0.021793
67100.0,0.021843
67200.0,0.021893
67300.0,0.021943
67400.0,0.021993
67500.0,0.022043
67600.0,0.022094
67700.0,0.022144
67800.0,0.022194
67900.0,0.022244
68000.0,0.022294
68100.0,0.022343
68200.0,0.022391
68300.0,0.022439
68400.0,0.022487
68500.0,0.022536
68600.0,0.022584
68700.0,0.022632
68800.0,0.02268
68900.0,0.022728
69000.0,0.022777
69100.0,0.022826
69200.0,0.022876
69300.0,0.022926
69400.0,0.022976
69500.0,0.023027
69600.0,0.023077
69700.0,0.023128
69800.0,0.023178
69900.0,0.023229
70000.0,0.02328
70100.0,0.023329
70200.0,0.023379
70300.0,0.023428
70400.0,0.023479
70500.0,0.023529
70600.0,0.02358
70700.0,0.023632
70800.0,0.023684
70900.0,0.023737
71000.0,0.02379
71100.0,0.023847
71200.0,0.023903
71300.0,0.023961
71400.0,0.024018
71500.0,0.024074
71600.0,0.02413
71700.0,0.024186
71800.0,0.02424
71900.0,0.024293
72000.0,0.024345
72100.0,0.024392
72200.0,0.024438
72300.0,0.024483
72400.0,0.024528
72500.0,0.024573
72600.0,0.024618
72700.0,0.024663
72800.0,0.02471
72900.0,0.024758
73000.0,0.024808
73100.0,0.024863
73200.0,0.02492
73300.0,0.024978
73400.0,0.025038
73500.0,0.025099
73600.0,0.025161
73700.0,0.025223
73800.0,0.025285
73900.0,0.025347
74000.0,0.025408
74100.0,0.025467
74200.0,0.025524
74300.0,0.025581
74400.0,0.025636
74500.0,0.025691
74600.0,0.025745
74700.0,0.025797
74800.0,0.025849
74900.0,0.025901
75000.0,0.025952
75100.0,0.026002
75200.0,0.026052
75300.0,0.026102
75400.0,0.026153
75500.0,0.026204
75600.0,0.026255
75700.0,0.026307
75800.0,0.02636
75900.0,0.026415
76000.0,0.02647
76100.0,0.026528
76200.0,0.026587
76300.0,0.026647
76400.0,0.026708
76500.0,0.02677
76600.0,0.026832
76700.0,0.026894
76800.0,0.026955
76900.0,0.027017
77000.0,0.027078
77100.0,0.027138
77200.0,0.027196
77300.0,0.027254
77400.0,0.027311
77500.0,0.027368
77600.0,0.027424
77700.0,0.02748
77800.0,0.027536
77900.0,0.027591
78000.0,0.027646
78100.0,0.027702
78200.0,0.027757
78300.0,0.027813
78400.0,0.027869
78500.0,0.027925
78600.0,0.027981
78700.0,0.028038
78800.0,0.028095
78900.0,0.028152
79000.0,0.028209
79100.0,0.028268
79200.0,0.028326
79300.0,0.028385
79400.0,0.028444
79500.0,0.028504
79600.0,0.028564
79700.0,0.028624
79800.0,0.028684
79900.0,0.028744
80000.0,0.028805
80100.0,0.028865
80200.0,0.028926
80300.0,0.028986
80400.0,0.029046
80500.0,0.029106
80600.0,0.029166
80700.0,0.029226
80800.0,0.029286
80900.0,0.029345
81000.0,0.029404
81100.0,0.029463
81200.0,0.029521
81300.0,0.029579
81400.0,0.029637
81500.0,0.029695
81600.0,0.029753
81700.0,0.029812
81800.0,0.02987
81900.0,0.029928
82000.0,0.029987
82100.0,0.030046
82200.0,0.030106
82300.0,0.030166
82400.0,0.030226
82500.0,0.030285
82600.0,0.030345
82700.0,0.030404
82800.0,0.030464
82900.0,0.030523
83000.0,0.030581
83100.0,0.030638
83200.0,0.030694
83300.0,0.030751
83400.0,0.030807
83500.0,0.030864
83600.0,0.030922
83700.0,0.03098
83800.0,0.031038
83900.0,0.031098
84000.0,0.031158
84100.0,0.031222
84200.0,0.031286
84300.0,0.031351
84400.0,0.031417
84500.0,0.031482
84600.0,0.031547
84700.0,0.031611
84800.0,0.031675
84900.0,0.031738
85000.0,0.0318
85100.0,0.031858
85200.0,0.031915
85300.0,0.031971
85400.0,0.032026
85500.0,0.03208
85600.0,0.032134
85700.0,0.032187
85800.0,0.03224
85900.0,0.032293
86000.0,0.032347
86100.0,0.032401
86200.0,0.032457
86300.0,0.032513
86400.0,0.03257
86500.0,0.032628
86600.0,0.032688
86700.0,0.032748
86800.0,0.03281
86900.0,0.032874
87000.0,0.032938
87100.0,0.033005
87200.0,0.033073
87300.0,0.033142
87400.0,0.03321
87500.0,0.033278
87600.0,0.033345
87700.0,0.033411
87800.0,0.033475
87900.0,0.033537
88000.0,0.033598
88100.0,0.033652
88200.0,0.033704
88300.0,0.033755
88400.0,0.033805
88500.0,0.033854
88600.0,0.033903
88700.0,0.033952
88800.0,0.034002
88900.0,0.034054
89000.0,0.034106
89100.0,0.034165
89200.0,0.034226
89300.0,0.034288
89400.0,0.034351
89500.0,0.034416
89600.0,0.034481
89700.0,0.034547
89800.0,0.034613
89900.0,0.034679
90000.0,0.034743
90100.0,0.034805
90200.0,0.034865
90300.0,0.034925
90400.0,0.034983
90500.0,0.035041
90600.0,0.035098
90700.0,0.035154
90800.0,0.03521
90900.0,0.035265
91000.0,0.03532
91100.0,0.035375
91200.0,0.03543
91300.0,0.035485
91400.0,0.035541
91500.0,0.035596
91600.0,0.035651
91700.0,0.035707
91800.0,0.035763
91900.0,0.035819
92000.0,0.035875
92100.0,0.035932
92200.0,0.035989
92300.0,0.036047
92400.0,0.036104
92500.0,0.036162
92600.0,0.036219
92700.0,0.036277
92800.0,0.036334
92900.0,0.036391
93000.0,0.036448
93100.0,0.036504
93200.0,0.03656
93300.0,0.036615
93400.0,0.036671
93500.0,0.036726
93600.0,0.036781
93700.0,0.036835
93800.0,0.036889
93900.0,0.036944
94000.0,0.036998
94100.0,0.037051
94200.0,0.037105
94300.0,0.037159
94400.0,0.037212
94500.0,0.037266
94600.0,0.03732
94700.0,0.037375
94800.0,0.03743
94900.0,0.037484
95000.0,0.037539
95100.0,0.037596
95200.0,0.037653
95300.0,0.03771
95400.0,0.037766
95500.0,0.037822
95600.0,0.037877
95700.0,0.037931
95800.0,0.037984
95900.0,0.038036
96000.0,0.038087
96100.0,0.038134
96200.0,0.038179
96300.0,0.038224
96400.0,0.038269
96500.0,0.038314
96600.0,0.03836
96700.0,0.038406
96800.0,0.038453
96900.0,0.038502
97000.0,0.038553
97100.0,0.03861
97200.0,0.038668
97300.0,0.038728
97400.0,0.038788
97500.0,0.038849
97600.0,0.038909
97700.0,0.038969
97800.0,0.039029
97900.0,0.039086
98000.0,0.039143
98100.0,0.039193
98200.0,0.039241
98300.0,0.039287
98400.0,0.039332
98500.0,0.039376
98600.0,0.039418
98700.0,0.03946
98800.0,0.039502
98900.0,0.039543
99000.0,0.039585
99100.0,0.039629
99200.0,0.039673
99300.0,0.039719
99400.0,0.039765
99500.0,0.039812
99600.0,0.039861
99700.0,0.039909
99800.0,0.039959
99900.0,0.040009
100000.0,0.04006
100100.0,0.040112
100200.0,0.040163
100300.0,0.040215
100400.0,0.040267
100500.0,0.040318
100600.0,0.040369
100700.0,0.040419
100800.0,0.040468
100900.0,0.040516
101000.0,0.040563
101100.0,0.040606
101200.0,0.040649
101300.0,0.040691
101400.0,0.040731
101500.0,0.040771
101600.0,0.04081
101700.0,0.040849
101800.0,0.040888
101900.0,0.040926
102000.0,0.040965
102100.0,0.041005
102200.0,0.041046
102300.0,0.041087
102400.0,0.041128
102500.0,0.041169
102600.0,0.041211
102700.0,0.041253
102800.0,0.041294
102900.0,0.041336
103000.0,0.041378
103100.0,0.041418
103200.0,0.041459
103300.0,0.041499
103400.0,0.041539
103500.0,0.041578
103600.0,0.041617
103700.0,0.041656
103800.0,0.041694
103900.0,0.041731
104000.0,0.041769
104100.0,0.041806
104200.0,0.041842
104300.0,0.041878
104400.0,0.041914
104500.0,0.041949
104600.0,0.041984
104700.0,0.042019
104800.0,0.042054
104900.0,0.042088
105000.0,0.042123
105100.0,0.042158
105200.0,0.042192
105300.0,0.042227
105400.0,0.042261
105500.0,0.042294
105600.0,0.042327
105700.0,0.042359
105800.0,0.042391
105900.0,0.042422
106000.0,0.042452
106100.0,0.04248
106200.0,0.042507
106300.0,0.042534
106400.0,0.042561
106500.0,0.042587
106600.0,0.042613
106700.0,0.04264
106800.0,0.042667
106900.0,0.042695
107000.0,0.042723
107100.0,0.042753
107200.0,0.042784
107300.0,0.042815
107400.0,0.042847
107500.0,0.042879
107600.0,0.04291
107700.0,0.042941
107800.0,0.042972
107900.0,0.043002
108000.0,0.043031
108100.0,0.043058
108200.0,0.043084
108300.0,0.043108
108400.0,0.043132
108500.0,0.043154
108600.0,0.043175
108700.0,0.043195
108800.0,0.043214
108900.0,0.043232
109000.0,0.043249
109100.0,0.043265
109200.0,0.043281
109300.0,0.043296
109400.0,0.043311
109500.0,0.043327
109600.0,0.043343
109700.0,0.04336
109800.0,0.043378
109900.0,0.043396
110000.0,0.043416
110100.0,0.043439
110200.0,0.043464
110300.0,0.043488
110400.0,0.043513
110500.0,0.043538
110600.0,0.043562
110700.0,0.043586
110800.0,0.043608
110900.0,0.043628
111000.0,0.043647
111100.0,0.04366
111200.0,0.043672
111300.0,0.043682
111400.0,0.04369
111500.0,0.043698
111600.0,0.043704
111700.0,0.04371
111800.0,0.043716
111900.0,0.043722
112000.0,0.043729
112100.0,0.043739
112200.0,0.04375
112300.0,0.043761
112400.0,0.043772
112500.0,0.043784
112600.0,0.043796
112700.0,0.043807
112800.0,0.043818
112900.0,0.043829
113000.0,0.043839
113100.0,0.043846
113200.0,0.043852
113300.0,0.043858
113400.0,0.043863
113500.0,0.043867
113600.0,0.043871
113700.0,0.043874
113800.0,0.043878
113900.0,0.043881
114000.0,0.043884
114100.0,0.043889
114200.0,0.043894
114300.0,0.043899
114400.0,0.043904
114500.0,0.043908
114600.0,0.043912
114700.0,0.043915
114800.0,0.043918
114900.0,0.04392
115000.0,0.043921
115100.0,0.04392
115200.0,0.043918
115300.0,0.043915
115400.0,0.043911
115500.0,0.043907
115600.0,0.043901
115700.0,0.043896
115800.0,0.04389
115900.0,0.043884
116000.0,0.043877
116100.0,0.043871
116200.0,0.043865
116300.0,0.043859
116400.0,0.043853
116500.0,0.043847
116600.0,0.04384
116700.0,0.043834
116800.0,0.043827
116900.0,0.04382
117000.0,0.043813
117100.0,0.043805
117200.0,0.043798
117300.0,0.04379
117400.0,0.043781
117500.0,0.043772
117600.0,0.043763
117700.0,0.043753
117800.0,0.043743
117900.0,0.043733
118000.0,0.043722
118100.0,0.04371
118200.0,0.043698
118300.0,0.043686
118400.0,0.043672
118500.0,0.043659
118600.0,0.043644
118700.0,0.043629
118800.0,0.043613
118900.0,0.043596
119000.0,0.043578
119100.0,0.04356
119200.0,0.043541
119300.0,0.043521
119400.0,0.043501
119500.0,0.04348
119600.0,0.043459
119700.0,0.043438
119800.0,0.043416
119900.0,0.043393
120000.0,0.043371
120100.0,0.043348
120200.0,0.043326
120300.0,0.043303
120400.0,0.04328
120500.0,0.043258
120600.0,0.043236
120700.0,0.043214
120800.0,0.043192
120900.0,0.04317
121000.0,0.043149
121100.0,0.043129
121200.0,0.04311
121300.0,0.04309
121400.0,0.043069
121500.0,0.043047
121600.0,0.043025
121700.0,0.043001
121800.0,0.042975
121900.0,0.042948
122000.0,0.042919
122100.0,0.042885
122200.0,0.04285
122300.0,0.042813
122400.0,0.042776
122500.0,0.042737
122600.0,0.042698
122700.0,0.04266
122800.0,0.042621
122900.0,0.042583
123000.0,0.042547
123100.0,0.042514
123200.0,0.042482
123300.0,0.042451
123400.0,0.042421
123500.0,0.042391
123600.0,0.042362
123700.0,0.042333
123800.0,0.042303
123900.0,0.042273
124000.0,0.042243
124100.0,0.04221
124200.0,0.042176
124300.0,0.04214
124400.0,0.042104
124500.0,0.042067
124600.0,0.042028
124700.0,0.041988
124800.0,0.041947
124900.0,0.041905
125000.0,0.041862
125100.0,0.041818
125200.0,0.041773
125300.0,0.041728
125400.0,0.041682
125500.0,0.041637
125600.0,0.041591
125700.0,0.041545
125800.0,0.0415
125900.0,0.041454
126000.0,0.04141
126100.0,0.041367
126200.0,0.041325
126300.0,0.041284
126400.0,0.041242
126500.0,0.0412
126600.0,0.041159
126700.0,0.041116
126800.0,0.041074
126900.0,0.04103
127000.0,0.040986
127100.0,0.040939
127200.0,0.040891
127300.0,0.040842
127400.0,0.040792
127500.0,0.040742
127600.0,0.040692
127700.0,0.040641
127800.0,0.040591
127900.0,0.04054
128000.0,0.040489
128100.0,0.040441
128199.99999999999,0.040392
128300.00000000001,0.040344
128400.0,0.040296
128500.0,0.040247
128600.0,0.040199
128699.99999999999,0.04015
128800.00000000001,0.0401
128900.0,0.04005
129000.0,0.039999
129100.0,0.039947
129199.99999999999,0.039894
129300.00000000001,0.03984
129400.0,0.039785
129500.0,0.039729
129600.0,0.039673
129699.99999999999,0.039617
129800.00000000001,0.03956
129900.0,0.039503
130000.0,0.039446
130100.0,0.039388
130199.99999999999,0.039331
130300.00000000001,0.039273
130400.0,0.039216
130500.0,0.039159
130600.0,0.039103
130699.99999999999,0.039047
130800.00000000001,0.038992
130900.0,0.038937
131000.0,0.038882
131100.0,0.03883
131200.0,0.038777
131300.0,0.038725
131400.0,0.038673
131500.0,0.03862
131600.0,0.038567
131700.0,0.038514
131800.0,0.03846
131900.0,0.038404
132000.0,0.038348
132100.0,0.03829
132200.0,0.03823
132300.0,0.038169
132400.0,0.038107
132500.0,0.038044
132600.0,0.03798
132700.0,0.037915
132800.0,0.037849
132900.0,0.037783
133000.0,0.037717
133100.0,0.037649
133200.0,0.037582
133300.0,0.037516
133400.0,0.03745
133500.0,0.037385
133600.0,0.037321
133700.0,0.037259
133800.0,0.037198
133900.0,0.037139
134000.0,0.037082
134100.0,0.03703
134200.0,0.03698
134300.0,0.03693
134400.0,0.03688
134500.0,0.03683
134600.0,0.036779
134700.0,0.036727
134800.0,0.036673
134900.0,0.036616
135000.0,0.036557
135100.0,0.036489
135200.0,0.036419
135300.0,0.036346
135400.0,0.036272
135500.0,0.036197
135600.0,0.036122
135700.0,0.036046
135800.0,0.035971
135900.0,0.035898
136000.0,0.035826
136100.0,0.035762
136200.0,0.0357
136300.0,0.03564
136400.0,0.035581
136500.0,0.035524
136600.0,0.035468
136700.0,0.035413
136800.0,0.035358
136900.0,0.035303
137000.0,0.035247
137100.0,0.035188
137200.0,0.035128
137300.0,0.035067
137400.0,0.035005
137500.0,0.034942
137600.0,0.034878
137700.0,0.034814
137800.0,0.034749
137900.0,0.034683
138000.0,0.034618
138100.0,0.034552
138200.0,0.034486
138300.0,0.034421
138400.0,0.034355
138500.0,0.03429
138600.0,0.034225
138700.0,0.034161
138800.0,0.034097
138900.0,0.034034
139000.0,0.033971
139100.0,0.03391
139200.0,0.033849
139300.0,0.033789
139400.0,0.03373
139500.0,0.03367
139600.0,0.03361
139700.0,0.03355
139800.0,0.03349
139900.0,0.03343
140000.0,0.033369
140100.0,0.033306
140200.0,0.033243
140300.0,0.033179
140400.0,0.033115
140500.0,0.033051
140600.0,0.032987
140700.0,0.032924
140800.0,0.03286
140900.0,0.032798
141000.0,0.032735
141100.0,0.032675
141200.0,0.032616
141300.0,0.032557
141400.0,0.032499
141500.0,0.032441
141600.0,0.032384
141700.0,0.032328
141800.0,0.032271
141900.0,0.032215
142000.0,0.032159
142100.0,0.032103
142200.0,0.032047
142300.0,0.031991
142400.0,0.031934
142500.0,0.031877
142600.0,0.031819
142700.0,0.031761
142800.0,0.031702
142900.0,0.031642
143000.0,0.031582
143100.0,0.031519
143200.0,0.031455
143300.0,0.031392
143400.0,0.031329
143500.0,0.031267
143600.0,0.031205
143700.0,0.031146
143800.0,0.031087
143900.0,0.031031
144000.0,0.030976
144100.0,0.030927
144200.0,0.03088
144300.0,0.030835
144400.0,0.03079
144500.0,0.030747
144600.0,0.030703
144700.0,0.03066
144800.0,0.030615
144900.0,0.03057
145000.0,0.030524
145100.0,0.030473
145200.0,0.03042
145300.0,0.030366
145400.0,0.03031
145500.0,0.030254
145600.0,0.030198
145700.0,0.030141
145800.0,0.030085
145900.0,0.030029
146000.0,0.029974
146100.0,0.029923
146200.0,0.029872
146300.0,0.029823
146400.0,0.029775
146500.0,0.029729
146600.0,0.029684
146700.0,0.02964
146800.0,0.029598
146900.0,0.029556
147000.0,0.029516
147100.0,0.029477
147200.0,0.029439
147300.0,0.029401
147400.0,0.029364
147500.0,0.029327
147600.0,0.029291
147700.0,0.029254
147800.0,0.029217
147900.0,0.02918
148000.0,0.029143
148100.0,0.029105
148200.0,0.029066
148300.0,0.029027
148400.0,0.028988
148500.0,0.028949
148600.0,0.02891
148700.0,0.028871
148800.0,0.028833
148900.0,0.028795
149000.0,0.028757
149100.0,0.028722
149200.0,0.028687
149300.0,0.028653
149400.0,0.02862
149500.0,0.028588
149600.0,0.028556
149700.0,0.028526
149800.0,0.028496
149900.0,0.028467
150000.0,0.028439
150100.0,0.028412
150200.0,0.028385
150300.0,0.028359
150400.0,0.028334
150500.0,0.02831
150600.0,0.028286
150700.0,0.028262
150800.0,0.02824
150900.0,0.028218
151000.0,0.028196
151100.0,0.028175
151200.0,0.028155
151300.0,0.028135
151400.0,0.028116
151500.0,0.028096
151600.0,0.028077
151700.0,0.028059
151800.0,0.02804
151900.0,0.028022
152000.0,0.028004
152100.0,0.027986
152200.0,0.027968
152300.0,0.02795
152400.0,0.027933
152500.0,0.027917
152600.0,0.027901
152700.0,0.027886
152800.0,0.027872
152900.0,0.027859
153000.0,0.027847
153100.0,0.027836
153200.0,0.027827
153300.0,0.027818
153400.0,0.027811
153500.0,0.027804
153600.0,0.027798
153700.0,0.027792
153800.0,0.027787
153900.0,0.027783
154000.0,0.027779
154100.0,0.027774
154200.0,0.02777
154300.0,0.027766
154400.0,0.027763
154500.0,0.02776
154600.0,0.027758
154700.0,0.027758
154800.0,0.027758
154900.0,0.027759
155000.0,0.027761
155100.0,0.027766
155200.0,0.027772
155300.0,0.027779
155400.0,0.027786
155500.0,0.027793
155600.0,0.027801
155700.0,0.027809
155800.0,0.027816
155900.0,0.027824
156000.0,0.02783
156100.0,0.027834
156200.0,0.027838
156300.0,0.027841
156400.0,0.027845
156500.0,0.027849
156600.0,0.027855
156700.0,0.027861
156800.0,0.027869
156900.0,0.027878
157000.0,0.027889
157100.0,0.027905
157200.0,0.027923
157300.0,0.027943
157400.0,0.027964
157500.0,0.027987
157600.0,0.02801
157700.0,0.028034
157800.0,0.028059
157900.0,0.028084
158000.0,0.028109
158100.0,0.028132
158200.0,0.028155
158300.0,0.028177
158400.0,0.028199
158500.0,0.028221
158600.0,0.028242
158700.0,0.028263
158800.0,0.028284
158900.0,0.028305
159000.0,0.028326
159100.0,0.028346
159200.0,0.028368
159300.0,0.02839
159400.0,0.028412
159500.0,0.028435
159600.0,0.02846
159700.0,0.028485
159800.0,0.028512
159900.0,0.02854
160000.0,0.02857
160100.0,0.028602
160200.0,0.028636
160300.0,0.028671
160400.0,0.028707
160500.0,0.028743
160600.0,0.028781
160700.0,0.028819
160800.0,0.028857
160900.0,0.028896
161000.0,0.028934
161100.0,0.028971
161200.0,0.029008
161300.0,0.029045
161400.0,0.029081
161500.0,0.029117
161600.0,0.029153
161700.0,0.029189
161800.0,0.029225
161900.0,0.02926
162000.0,0.029296
162100.0,0.029332
162200.0,0.029368
162300.0,0.029405
162400.0,0.029441
162500.0,0.029479
162600.0,0.029517
162700.0,0.029556
162800.0,0.029595
162900.0,0.029636
163000.0,0.029677
163100.0,0.02972
163200.0,0.029764
163300.0,0.029808
163400.0,0.029854
163500.0,0.0299
163600.0,0.029946
163700.0,0.029993
163800.0,0.030041
163900.0,0.030088
164000.0,0.030136
164100.0,0.030184
164200.0,0.030231
164300.0,0.030279
164400.0,0.030326
164500.0,0.030374
164600.0,0.030421
164700.0,0.030468
164800.0,0.030515
164900.0,0.030561
165000.0,0.030607
165100.0,0.030653
165200.0,0.030699
165300.0,0.030744
165400.0,0.03079
165500.0,0.030837
165600.0,0.030883
165700.0,0.03093
165800.0,0.030978
165900.0,0.031027
166000.0,0.031076
166100.0,0.031127
166200.0,0.031179
166300.0,0.031232
166400.0,0.031285
166500.0,0.031338
166600.0,0.031391
166700.0,0.031445
166800.0,0.031498
166900.0,0.03155
167000.0,0.031603
167100.0,0.031652
167200.0,0.031701
167300.0,0.03175
167400.0,0.0318
167500.0,0.031849
167600.0,0.031898
167700.0,0.031949
167800.0,0.032
167900.0,0.032052
168000.0,0.032105
168100.0,0.032162
168200.0,0.03222
168300.0,0.032279
168400.0,0.032338
168500.0,0.032397
168600.0,0.032456
168700.0,0.032515
168800.0,0.032573
168900.0,0.032629
169000.0,0.032685
169100.0,0.032736
169200.0,0.032786
169300.0,0.032834
169400.0,0.032882
169500.0,0.03293
169600.0,0.032978
169700.0,0.033025
169800.0,0.033074
169900.0,0.033123
170000.0,0.033174
170100.0,0.033228
170200.0,0.033284
170300.0,0.033341
170400.0,0.033399
170500.0,0.033458
170600.0,0.033517
170700.0,0.033578
170800.0,0.033639
170900.0,0.0337
171000.0,0.033761
171100.0,0.03382
171200.0,0.03388
171300.0,0.033939
171400.0,0.033997
171500.0,0.034054
171600.0,0.034111
171700.0,0.034167
171800.0,0.034222
171900.0,0.034276
172000.0,0.034329
172100.0,0.03438
172200.0,0.034431
172300.0,0.034481
172400.0,0.034531
172500.0,0.034582
172600.0,0.034632
172700.0,0.034683
172800.0,0.034735
172900.0,0.034787
173000.0,0.034841
173100.0,0.034897
173200.0,0.034955
173300.0,0.035013
173400.0,0.035072
173500.0,0.035132
173600.0,0.035192
173700.0,0.035252
173800.0,0.035312
173900.0,0.035372
174000.0,0.035432
174100.0,0.03549
174200.0,0.035547
174300.0,0.035604
174400.0,0.03566
174500.0,0.035715
174600.0,0.03577
174700.0,0.035825
174800.0,0.035879
174900.0,0.035933
175000.0,0.035987
175100.0,0.036041
175200.0,0.036095
175300.0,0.036148
175400.0,0.036202
175500.0,0.036256
175600.0,0.03631
175700.0,0.036364
175800.0,0.036418
175900.0,0.036472
176000.0,0.036526
176100.0,0.036581
176200.0,0.036636
176300.0,0.03669
176400.0,0.036746
176500.0,0.036801
176600.0,0.036856
176700.0,0.036912
176800.0,0.036967
176900.0,0.037023
177000.0,0.037079
177100.0,0.037135
177200.0,0.037191
177300.0,0.037247
177400.0,0.037303
177500.0,0.037358
177600.0,0.037414
177700.0,0.03747
177800.0,0.037525
177900.0,0.03758
178000.0,0.037635
178100.0,0.03769
178200.0,0.037745
178300.0,0.037799
178400.0,0.037853
178500.0,0.037907
178600.0,0.037961
178700.0,0.038014
178800.0,0.038068
178900.0,0.038121
179000.0,0.038174
179100.0,0.038228
179200.0,0.038282
179300.0,0.038335
179400.0,0.038388
179500.0,0.038441
179600.0,0.038494
179700.0,0.038546
179800.0,0.038599
179900.0,0.038651
180000.0,0.038702
180100.0,0.038752
180200.0,0.038802
180300.0,0.038852
180400.0,0.038902
180500.0,0.038953
180600.0,0.039004
180700.0,0.039056
180800.0,0.039109
180900.0,0.039163
181000.0,0.039217
181100.0,0.039276
181200.0,0.039335
181300.0,0.039394
181400.0,0.039453
181500.0,0.039513
181600.0,0.039571
181700.0,0.039629
181800.0,0.039686
181900.0,0.039741
182000.0,0.039795
182100.0,0.039844
182200.0,0.039891
182300.0,0.039937
182400.0,0.039982
182500.0,0.040026
182600.0,0.04007
182700.0,0.040113
182800.0,0.040157
182900.0,0.040201
183000.0,0.040246
183100.0,0.040295
183200.0,0.040345
183300.0,0.040396
183400.0,0.040448
183500.0,0.040502
183600.0,0.040556
183700.0,0.040611
183800.0,0.040666
183900.0,0.040723
184000.0,0.040779
184100.0,0.040835
184200.0,0.040891
184300.0,0.040947
184400.0,0.041002
184500.0,0.041056
184600.0,0.04111
184700.0,0.041163
184800.0,0.041215
184900.0,0.041266
185000.0,0.041316
185100.0,0.041364
185200.0,0.041411
185300.0,0.041456
185400.0,0.041501
185500.0,0.041546
185600.0,0.04159
185700.0,0.041634
185800.0,0.041677
185900.0,0.041721
186000.0,0.041765
186100.0,0.04181
186200.0,0.041855
186300.0,0.041901
186400.0,0.041948
186500.0,0.041995
186600.0,0.042043
186700.0,0.042092
186800.0,0.042142
186900.0,0.042193
187000.0,0.042244
187100.0,0.042297
187200.0,0.042351
187300.0,0.042405
187400.0,0.042458
187500.0,0.042511
187600.0,0.042563
187700.0,0.042614
187800.0,0.042664
187900.0,0.042712
188000.0,0.042759
188100.0,0.0428
188200.0,0.04284
188300.0,0.042879
188400.0,0.042917
188500.0,0.042954
188600.0,0.042992
188700.0,0.04303
188800.0,0.043068
188900.0,0.043107
189000.0,0.043148
189100.0,0.043195
189200.0,0.043242
189300.0,0.043291
189400.0,0.043341
189500.0,0.04339
189600.0,0.04344
189700.0,0.04349
189800.0,0.043538
189900.0,0.043586
190000.0,0.043632
190100.0,0.043673
190200.0,0.043713
190300.0,0.043751
190400.0,0.043788
190500.0,0.043824
190600.0,0.043861
190700.0,0.043897
190800.0,0.043933
190900.0,0.04397
191000.0,0.044007
191100.0,0.044049
191200.0,0.044092
191300.0,0.044135
191400.0,0.044179
191500.0,0.044224
191600.0,0.044268
191700.0,0.044313
191800.0,0.044358
191900.0,0.044402
192000.0,0.044446
192100.0,0.044488
192200.0,0.044528
192300.0,0.044568
192400.0,0.044607
192500.0,0.044644
192600.0,0.044681
192700.0,0.044717
192800.0,0.044752
192900.0,0.044786
193000.0,0.04482
193100.0,0.044853
193200.0,0.044885
193300.0,0.044917
193400.0,0.044949
193500.0,0.044982
193600.0,0.045015
193700.0,0.04505
193800.0,0.045085
193900.0,0.045121
194000.0,0.045159
194100.0,0.045201
194200.0,0.045243
194300.0,0.045287
194400.0,0.04533
194500.0,0.045374
194600.0,0.045418
194700.0,0.045462
194800.0,0.045504
194900.0,0.045545
195000.0,0.045586
195100.0,0.045621
195200.0,0.045656
195300.0,0.045689
195400.0,0.04572
195500.0,0.045751
195600.0,0.04578
195700.0,0.045809
195800.0,0.045837
195900.0,0.045865
196000.0,0.045893
196100.0,0.045922
196200.0,0.045951
196300.0,0.045981
196400.0,0.046012
196500.0,0.046043
196600.0,0.046076
196700.0,0.046109
196800.0,0.046143
196900.0,0.046178
197000.0,0.046214
197100.0,0.046251
197200.0,0.04629
197300.0,0.046329
197400.0,0.046367
197500.0,0.046406
197600.0,0.046445
197700.0,0.046483
197800.0,0.04652
197900.0,0.046557
198000.0,0.046592
198100.0,0.046624
198200.0,0.046656
198300.0,0.046686
198400.0,0.046715
198500.0,0.046743
198600.0,0.04677
198700.0,0.046797
198800.0,0.046824
198900.0,0.04685
199000.0,0.046877
199100.0,0.046904
199200.0,0.046932
199300.0,0.04696
199400.0,0.046988
199500.0,0.047017
199600.0,0.047046
199700.0,0.047076
199800.0,0.047107
199900.0,0.047138
200000.0,0.04717
200100.0,0.047203
200200.0,0.047236
200300.0,0.047269
200400.0,0.047303
200500.0,0.047336
200600.0,0.047368
200700.0,0.047401
200800.0,0.047432
200900.0,0.047463
201000.0,0.047493
201100.0,0.047521
201200.0,0.047547
201300.0,0.047573
201400.0,0.047598
201500.0,0.047623
201600.0,0.047648
201700.0,0.047673
201800.0,0.047698
201900.0,0.047724
202000.0,0.04775
202100.0,0.047779
202200.0,0.047809
202300.0,0.047839
202400.0,0.047869
202500.0,0.047899
202600.0,0.047928
202700.0,0.047958
202800.0,0.047987
202900.0,0.048015
203000.0,0.048042
203100.0,0.048066
203200.0,0.048089
203300.0,0.048112
203400.0,0.048134
203500.0,0.048155
203600.0,0.048176
203700.0,0.048197
203800.0,0.048218
203900.0,0.04824
204000.0,0.048262
204100.0,0.048286
204200.0,0.048311
204300.0,0.048336
204400.0,0.048363
204500.0,0.048389
204600.0,0.048417
204700.0,0.048444
204800.0,0.048472
204900.0,0.0485
205000.0,0.048528
205100.0,0.048557
205200.0,0.048585
205300.0,0.048613
205400.0,0.048639
205500.0,0.048665
205600.0,0.04869
205700.0,0.048714
205800.0,0.048736
205900.0,0.048757
206000.0,0.048776
206100.0,0.048791
206200.0,0.048805
206300.0,0.048819
206400.0,0.048832
206500.0,0.048844
206600.0,0.048858
206700.0,0.048871
206800.0,0.048886
206900.0,0.048902
207000.0,0.04892
207100.0,0.048943
207200.0,0.048968
207300.0,0.048994
207400.0,0.04902
207500.0,0.049048
207600.0,0.049075
207700.0,0.049103
207800.0,0.04913
207900.0,0.049156
208000.0,0.049181
208100.0,0.049201
208200.0,0.04922
208300.0,0.049238
208400.0,0.049254
208500.0,0.049269
208600.0,0.049283
208700.0,0.049296
208800.0,0.049309
208900.0,0.049321
209000.0,0.049333
209100.0,0.049347
209200.0,0.049361
209300.0,0.049374
209400.0,0.049388
209500.0,0.049402
209600.0,0.049417
209700.0,0.049431
209800.0,0.049446
209900.0,0.04946
210000.0,0.049475
210100.0,0.049489
210200.0,0.049503
210300.0,0.049516
210400.0,0.049531
210500.0,0.049545
210600.0,0.049559
210700.0,0.049573
210800.0,0.049588
210900.0,0.049603
211000.0,0.049617
211100.0,0.049633
211200.0,0.049649
211300.0,0.049664
211400.0,0.049679
211500.0,0.049694
211600.0,0.049707
211700.0,0.049721
211800.0,0.049733
211900.0,0.049744
212000.0,0.049754
212100.0,0.049762
212200.0,0.049769
212300.0,0.049775
212400.0,0.04978
212500.0,0.049785
212600.0,0.049789
212700.0,0.049794
212800.0,0.049798
212900.0,0.049803
213000.0,0.049808
213100.0,0.049815
213200.0,0.049822
213300.0,0.04983
213400.0,0.049839
213500.0,0.049847
213600.0,0.049856
213700.0,0.049864
213800.0,0.049872
213900.0,0.04988
214000.0,0.049888
214100.0,0.049893
214200.0,0.049899
214300.0,0.049903
214400.0,0.049908
214500.0,0.049911
214600.0,0.049915
214700.0,0.049918
214800.0,0.049921
214900.0,0.049924
215000.0,0.049927
215100.0,0.049931
215200.0,0.049935
215300.0,0.049938
215400.0,0.049942
215500.0,0.049944
215600.0,0.049947
215700.0,0.049949
215800.0,0.049951
215900.0,0.049952
216000.0,0.049952
216100.0,0.049951
216200.0,0.049949
216300.0,0.049947
216400.0,0.049944
216500.0,0.04994
216600.0,0.049937
216700.0,0.049933
216800.0,0.049928
216900.0,0.049924
217000.0,0.04992
217100.0,0.049915
217200.0,0.049911
217300.0,0.049907
217400.0,0.049903
217500.0,0.0499
217600.0,0.049897
217700.0,0.049894
217800.0,0.049892
217900.0,0.04989
218000.0,0.049889
218100.0,0.049889
218200.0,0.049888
218300.0,0.049888
218400.0,0.049887
218500.0,0.049886
218600.0,0.049884
218700.0,0.049881
218800.0,0.049877
218900.0,0.049871
219000.0,0.049864
219100.0,0.049853
219200.0,0.049841
219300.0,0.049827
219400.0,0.049813
219500.0,0.049798
219600.0,0.049783
219700.0,0.049767
219800.0,0.049751
219900.0,0.049736
220000.0,0.049721
220100.0,0.049709
220200.0,0.049697
220300.0,0.049687
220400.0,0.049676
220500.0,0.049667
220600.0,0.049658
220700.0,0.049649
220800.0,0.04964
220900.0,0.049631
221000.0,0.049622
221100.0,0.049612
221200.0,0.049601
221300.0,0.04959
221400.0,0.049578
221500.0,0.049565
221600.0,0.049552
221700.0,0.049537
221800.0,0.049522
221900.0,0.049505
222000.0,0.049488
222100.0,0.049469
222200.0,0.049449
222300.0,0.049429
222400.0,0.049408
222500.0,0.049386
222600.0,0.049364
222700.0,0.049342
222800.0,0.049319
222900.0,0.049297
223000.0,0.049275
223100.0,0.049254
223200.0,0.049233
223300.0,0.049213
223400.0,0.049192
223500.0,0.049172
223600.0,0.049151
223700.0,0.049131
223800.0,0.04911
223900.0,0.049089
224000.0,0.049067
224100.0,0.049045
224200.0,0.049022
224300.0,0.048999
224400.0,0.048975
224500.0,0.04895
224600.0,0.048925
224700.0,0.048899
224800.0,0.048873
224900.0,0.048846
225000.0,0.048819
225100.0,0.048791
225200.0,0.048762
225300.0,0.048733
225400.0,0.048704
225500.0,0.048674
225600.0,0.048644
225700.0,0.048615
225800.0,0.048585
225900.0,0.048555
226000.0,0.048525
226100.0,0.048497
226200.0,0.048469
226300.0,0.04844
226400.0,0.048411
226500.0,0.048381
226600.0,0.04835
226700.0,0.048317
226800.0,0.048284
226900.0,0.048249
227000.0,0.048213
227100.0,0.048172
227200.0,0.04813
227300.0,0.048087
227400.0,0.048044
227500.0,0.048001
227600.0,0.047958
227700.0,0.047915
227800.0,0.047874
227900.0,0.047834
228000.0,0.047795
228100.0,0.047763
228200.0,0.047732
228300.0,0.047702
228400.0,0.047672
228500.0,0.047643
228600.0,0.047612
228700.0,0.047581
228800.0,0.047548
228900.0,0.047513
229000.0,0.047476
229100.0,0.047431
229200.0,0.047383
229300.0,0.047334
229400.0,0.047282
229500.0,0.047229
229600.0,0.047175
229700.0,0.04712
229800.0,0.047064
229900.0,0.047009
230000.0,0.046954
230100.0,0.046903
230200.0,0.046853
230300.0,0.046803
230400.0,0.046755
230500.0,0.046708
230600.0,0.046661
230700.0,0.046616
230800.0,0.04657
230900.0,0.046525
231000.0,0.046481
231100.0,0.046436
231200.0,0.04639
231300.0,0.046344
231400.0,0.046298
231500.0,0.046251
231600.0,0.046202
231700.0,0.046153
231800.0,0.046102
231900.0,0.046049
232000.0,0.045996
232100.0,0.045939
232200.0,0.04588
232300.0,0.045821
232400.0,0.04576
232500.0,0.045699
232600.0,0.045637
232700.0,0.045574
232800.0,0.045511
232900.0,0.045448
233000.0,0.045385
233100.0,0.045324
233200.0,0.045263
233300.0,0.045203
233400.0,0.045143
233500.0,0.045083
233600.0,0.045024
233700.0,0.044965
233800.0,0.044907
233900.0,0.044848
234000.0,0.04479
234100.0,0.044732
234200.0,0.044674
234300.0,0.044615
234400.0,0.044556
234500.0,0.044496
234600.0,0.044436
234700.0,0.044374
234800.0,0.044312
234900.0,0.044248
235000.0,0.044183
235100.0,0.044116
235200.0,0.044047
235300.0,0.043978
235400.0,0.043908
235500.0,0.043837
235600.0,0.043766
235700.0,0.043696
235800.0,0.043625
235900.0,0.043554
236000.0,0.043484
236100.0,0.043417
236200.0,0.04335
236300.0,0.043283
236400.0,0.043216
236500.0,0.04315
236600.0,0.043083
236700.0,0.043015
236800.0,0.042947
236900.0,0.042878
237000.0,0.042808
237100.0,0.042735
237200.0,0.04266
237300.0,0.042585
237400.0,0.042509
237500.0,0.042433
237600.0,0.042356
237700.0,0.042279
237800.0,0.042202
237900.0,0.042125
238000.0,0.042049
238100.0,0.041974
238200.0,0.0419
238300.0,0.041826
238400.0,0.041752
238500.0,0.041679
238600.0,0.041606
238700.0,0.041533
238800.0,0.04146
238900.0,0.041387
239000.0,0.041314
239100.0,0.04124
239200.0,0.041166
239300.0,0.041091
239400.0,0.041016
239500.0,0.040939
239600.0,0.04086
239700.0,0.040781
239800.0,0.0407
239900.0,0.040618
240000.0,0.040534
240100.0,0.040446
240200.0,0.040357
240300.0,0.040268
240400.0,0.040178
240500.0,0.040088
240600.0,0.039999
240700.0,0.039911
240800.0,0.039824
240900.0,0.039738
241000.0,0.039654
241100.0,0.039575
241200.0,0.039499
241300.0,0.039423
241400.0,0.039349
241500.0,0.039274
241600.0,0.0392
241700.0,0.039125
241800.0,0.03905
241900.0,0.038973
242000.0,0.038894
242100.0,0.038809
242200.0,0.038723
242300.0,0.038634
242400.0,0.038544
242500.0,0.038452
242600.0,0.03836
242700.0,0.038266
242800.0,0.038171
242900.0,0.038077
243000.0,0.037982
243100.0,0.037889
243200.0,0.037797
243300.0,0.037705
243400.0,0.037614
243500.0,0.037524
243600.0,0.037435
243700.0,0.037346
243800.0,0.037259
243900.0,0.037172
244000.0,0.037085
244100.0,0.037001
244200.0,0.036916
244300.0,0.036832
244400.0,0.036748
244500.0,0.036663
244600.0,0.036578
244700.0,0.036493
244800.0,0.036406
244900.0,0.036319
245000.0,0.03623
245100.0,0.036137
245200.0,0.036044
245300.0,0.03595
245400.0,0.035854
245500.0,0.035758
245600.0,0.035662
245700.0,0.035565
245800.0,0.035469
245900.0,0.035372
246000.0,0.035277
246100.0,0.035183
246200.0,0.03509
246300.0,0.034998
246400.0,0.034906
246500.0,0.034815
246600.0,0.034723
246700.0,0.034632
246800.0,0.034541
246900.0,0.034449
247000.0,0.034358
247100.0,0.034264
247200.0,0.03417
247300.0,0.034076
247400.0,0.033981
247500.0,0.033887
247600.0,0.033792
247700.0,0.033697
247800.0,0.033602
247900.0,0.033507
248000.0,0.033412
248100.0,0.033318
248200.0,0.033224
248300.0,0.03313
248400.0,0.033036
248500.0,0.032943
248600.0,0.032849
248700.0,0.032756
248800.0,0.032662
248900.0,0.032568
249000.0,0.032474
249100.0,0.032379
249200.0,0.032283
249300.0,0.032188
249400.0,0.032092
249500.0,0.031997
249600.0,0.031901
249700.0,0.031805
249800.0,0.031709
249900.0,0.031613
250000.0,0.031516
250100.0,0.031421
250200.0,0.031325
250300.0,0.03123
250400.0,0.031134
250500.0,0.031039
250600.0,0.030943
250700.0,0.030847
250800.0,0.030751
250900.0,0.030655
251000.0,0.030559
251100.0,0.030462
251200.0,0.030365
251300.0,0.030268
251400.0,0.030172
251500.0,0.030076
251600.0,0.029981
251700.0,0.029886
251800.0,0.029792
251900.0,0.029699
252000.0,0.029607
252100.0,0.029518
252200.0,0.02943
252300.0,0.029343
252400.0,0.029255
252500.0,0.029167
252600.0,0.029079
252700.0,0.02899
252800.0,0.0289
252900.0,0.028809
253000.0,0.028717
253100.0,0.02862
253200.0,0.028521
253300.0,0.028422
253400.0,0.028322
253500.0,0.028223
253600.0,0.028123
253700.0,0.028024
253800.0,0.027926
253900.0,0.02783
254000.0,0.027735
254100.0,0.027645
254200.0,0.027557
254300.0,0.027471
254400.0,0.027386
254500.0,0.027302
254600.0,0.02722
254700.0,0.027138
254800.0,0.027057
254900.0,0.026976
255000.0,0.026895
255100.0,0.026811
255200.0,0.026727
255300.0,0.026643
255400.0,0.026558
255500.0,0.026472
255600.0,0.026386
255700.0,0.0263
255800.0,0.026213
255900.0,0.026126
256000.0,0.026038
256100.00000000003,0.025951
256200.0,0.025864
256300.0,0.025777
256399.99999999997,0.02569
256500.0,0.025604
256600.00000000003,0.025519
256700.0,0.025434
256800.0,0.02535
256899.99999999997,0.025268
257000.0,0.025186
257100.00000000003,0.025107
257200.0,0.025028
257300.0,0.024951
257399.99999999997,0.024875
257500.0,0.0248
257600.00000000003,0.024726
257700.0,0.024653
257800.0,0.02458
257899.99999999997,0.024508
258000.0,0.024437
258100.00000000003,0.024366
258200.0,0.024296
258300.0,0.024225
258399.99999999997,0.024155
258500.0,0.024085
258600.00000000003,0.024015
258700.0,0.023945
258800.0,0.023875
258899.99999999997,0.023804
259000.0,0.023734
259100.00000000003,0.023663
259200.0,0.023592
259300.0,0.023521
259399.99999999997,0.02345
259500.0,0.02338
259600.00000000003,0.023311
259700.0,0.023243
259800.0,0.023175
259899.99999999997,0.023109
260000.0,0.023044
260100.00000000003,0.022981
260200.0,0.02292
260300.0,0.02286
260399.99999999997,0.022801
260500.0,0.022743
260600.00000000003,0.022687
260700.0,0.022631
260800.0,0.022576
260899.99999999997,0.022521
261000.0,0.022467
261100.00000000003,0.022413
261200.0,0.022359
261300.0,0.022305
261399.99999999997,0.022252
261500.0,0.022199
261600.00000000003,0.022147
261700.0,0.022096
261800.0,0.022045
261899.99999999997,0.021995
262000.0,0.021946
262100.00000000003,0.021898
262200.0,0.02185
262300.0,0.021804
262400.0,0.021758
262500.0,0.021714
262600.0,0.02167
262700.0,0.021626
262800.0,0.021584
262900.0,0.021542
263000.0,0.021501
263100.0,0.021461
263200.0,0.021422
263300.0,0.021383
263400.0,0.021345
263500.0,0.021307
263600.0,0.021271
263700.0,0.021235
263800.0,0.0212
263900.0,0.021166
264000.0,0.021132
264100.0,0.021098
264200.0,0.021066
264300.0,0.021034
264400.0,0.021004
264500.0,0.020975
264600.0,0.020947
264700.0,0.020921
264800.0,0.020896
264900.0,0.020872
265000.0,0.020851
265100.0,0.020832
265200.0,0.020815
265300.0,0.020799
265400.0,0.020784
265500.0,0.020769
265600.0,0.020756
265700.0,0.020742
265800.0,0.020729
265900.0,0.020716
266000.0,0.020703
266100.0,0.020688
266200.0,0.020672
266300.0,0.020657
266400.0,0.020641
266500.0,0.020626
266600.0,0.020612
266700.0,0.020598
266800.0,0.020585
266900.0,0.020573
267000.0,0.020563
267100.0,0.020555
267200.0,0.020549
267300.0,0.020544
267400.0,0.020542
267500.0,0.020541
267600.0,0.020541
267700.0,0.020544
267800.0,0.020548
267900.0,0.020555
268000.0,0.020562
268100.0,0.020572
268200.0,0.020583
268300.0,0.020596
268400.0,0.020608
268500.0,0.020622
268600.0,0.020636
268700.0,0.020649
268800.0,0.020663
268900.0,0.020676
269000.0,0.020689
269100.0,0.020699
269200.0,0.020709
269300.0,0.020718
269400.0,0.020727
269500.0,0.020737
269600.0,0.020747
269700.0,0.020758
269800.0,0.02077
269900.0,0.020783
270000.0,0.020798
270100.0,0.020815
270200.0,0.020834
270300.0,0.020856
270400.0,0.020878
270500.0,0.020903
270600.0,0.02093
270700.0,0.020958
270800.0,0.020987
270900.0,0.021018
271000.0,0.02105
271100.0,0.021084
271200.0,0.021119
271300.0,0.021154
271400.0,0.021189
271500.0,0.021225
271600.0,0.021261
271700.0,0.021296
271800.0,0.021331
271900.0,0.021365
272000.0,0.021398
272100.0,0.021428
272200.0,0.021457
272300.0,0.021487
272400.0,0.021516
272500.0,0.021546
272600.0,0.021576
272700.0,0.021608
272800.0,0.021641
272900.0,0.021675
273000.0,0.021712
273100.0,0.021754
273200.0,0.021799
273300.0,0.021844
273400.0,0.021892
273500.0,0.02194
273600.0,0.021989
273700.0,0.022038
273800.0,0.022087
273900.0,0.022136
274000.0,0.022184
274100.0,0.022227
274200.0,0.02227
274300.0,0.022313
274400.0,0.022355
274500.0,0.022397
274600.0,0.022439
274700.0,0.022482
274800.0,0.022526
274900.0,0.022571
275000.0,0.022617
275100.0,0.022668
275200.0,0.022721
275300.0,0.022774
275400.0,0.022829
275500.0,0.022885
275600.0,0.02294
275700.0,0.022996
275800.0,0.023052
275900.0,0.023108
276000.0,0.023163
276100.0,0.023215
276200.0,0.023266
276300.0,0.023316
276400.0,0.023366
276500.0,0.023416
276600.0,0.023466
276700.0,0.023515
276800.0,0.023565
276900.0,0.023615
277000.0,0.023666
277100.0,0.023719
277200.0,0.023773
277300.0,0.023827
277400.0,0.023883
277500.0,0.023939
277600.0,0.023997
277700.0,0.024055
277800.0,0.024114
277900.0,0.024174
278000.0,0.024234
278100.0,0.024295
278200.0,0.024357
278300.0,0.024418
278400.0,0.02448
278500.0,0.024542
278600.0,0.024604
278700.0,0.024665
278800.0,0.024726
278900.0,0.024786
279000.0,0.024845
279100.0,0.024903
279200.0,0.024961
279300.0,0.025017
279400.0,0.025074
279500.0,0.025129
279600.0,0.025185
279700.0,0.02524
279800.0,0.025296
279900.0,0.025351
280000.0,0.025407
280100.0,0.025463
280200.0,0.02552
280300.0,0.025578
280400.0,0.025636
280500.0,0.025695
280600.0,0.025755
280700.0,0.025816
280800.0,0.025878
280900.0,0.02594
281000.0,0.026003
281100.0,0.026069
281200.0,0.026134
281300.0,0.026201
281400.0,0.026267
281500.0,0.026333
281600.0,0.0264
281700.0,0.026465
281800.0,0.02653
281900.0,0.026595
282000.0,0.026658
282100.0,0.026719
282200.0,0.026778
282300.0,0.026837
282400.0,0.026895
282500.0,0.026952
282600.0,0.027009
282700.0,0.027065
282800.0,0.027121
282900.0,0.027177
283000.0,0.027233
283100.0,0.027291
283200.0,0.027348
283300.0,0.027407
283400.0,0.027465
283500.0,0.027525
283600.0,0.027585
283700.0,0.027646
283800.0,0.027708
283900.0,0.027771
284000.0,0.027834
284100.0,0.027898
284200.0,0.027963
284300.0,0.028028
284400.0,0.028094
284500.0,0.028159
284600.0,0.028223
284700.0,0.028288
284800.0,0.028351
284900.0,0.028414
285000.0,0.028476
285100.0,0.028535
285200.0,0.028593
285300.0,0.02865
285400.0,0.028707
285500.0,0.028763
285600.0,0.028819
285700.0,0.028875
285800.0,0.02893
285900.0,0.028986
286000.0,0.029043
286100.0,0.029102
286200.0,0.029161
286300.0,0.02922
286400.0,0.02928
286500.0,0.02934
286600.0,0.0294
286700.0,0.02946
286800.0,0.029519
286900.0,0.029578
287000.0,0.029637
287100.0,0.029693
287200.0,0.029749
287300.0,0.029804
287400.0,0.029859
287500.0,0.029914
287600.0,0.029969
287700.0,0.030024
287800.0,0.030079
287900.0,0.030135
288000.0,0.030191
288100.0,0.030249
288200.0,0.030307
288300.0,0.030366
288400.0,0.030424
288500.0,0.030483
288600.0,0.030542
288700.0,0.0306
288800.0,0.030658
288900.0,0.030715
289000.0,0.030771
289100.0,0.030825
289200.0,0.030879
289300.0,0.030931
289400.0,0.030983
289500.0,0.031034
289600.0,0.031084
289700.0,0.031134
289800.0,0.031183
289900.0,0.031232
290000.0,0.03128
290100.0,0.031328
290200.0,0.031377
290300.0,0.031425
290400.0,0.031474
290500.0,0.031523
290600.0,0.031572
290700.0,0.031622
290800.0,0.031672
290900.0,0.031723
291000.0,0.031775
291100.0,0.031828
291200.0,0.031881
291300.0,0.031935
291400.0,0.031989
291500.0,0.032042
291600.0,0.032095
291700.0,0.032148
291800.0,0.0322
291900.0,0.032251
292000.0,0.0323
292100.0,0.032347
292200.0,0.032393
292300.0,0.032438
292400.0,0.032482
292500.0,0.032525
292600.0,0.032567
292700.0,0.032608
292800.0,0.032649
292900.0,0.03269
293000.0,0.032731
293100.0,0.032772
293200.0,0.032813
293300.0,0.032854
293400.0,0.032896
293500.0,0.032937
293600.0,0.032979
293700.0,0.033022
293800.0,0.033064
293900.0,0.033107
294000.0,0.03315
294100.0,0.033194
294200.0,0.033238
294300.0,0.033281
294400.0,0.033325
294500.0,0.033369
294600.0,0.033412
294700.0,0.033456
294800.0,0.033498
294900.0,0.033541
295000.0,0.033583
295100.0,0.033624
295200.0,0.033664
295300.0,0.033704
295400.0,0.033743
295500.0,0.033781
295600.0,0.033818
295700.0,0.033854
295800.0,0.033889
295900.0,0.033923
296000.0,0.033957
296100.0,0.033988
296200.0,0.034018
296300.0,0.034049
296400.0,0.034079
296500.0,0.034109
296600.0,0.03414
296700.0,0.034171
296800.0,0.034203
296900.0,0.034235
297000.0,0.034269
297100.0,0.034307
297200.0,0.034345
297300.0,0.034384
297400.0,0.034423
297500.0,0.034462
297600.0,0.034501
297700.0,0.034539
297800.0,0.034575
297900.0,0.034611
298000.0,0.034645
298100.0,0.034673
298200.0,0.0347
298300.0,0.034725
298400.0,0.03475
298500.0,0.034773
298600.0,0.034796
298700.0,0.034819
298800.0,0.034843
298900.0,0.034867
299000.0,0.034891
299100.0,0.03492
299200.0,0.03495
299300.0,0.034981
299400.0,0.035012
299500.0,0.035044
299600.0,0.035075
299700.0,0.035106
299800.0,0.035136
299900.0,0.035165
300000.0,0.035193
300100.0,0.035217
300200.0,0.03524
300300.0,0.035262
300400.0,0.035282
300500.0,0.035302
300600.0,0.035321
300700.0,0.03534
300800.0,0.035358
300900.0,0.035377
301000.0,0.035395
301100.0,0.035416
301200.0,0.035437
301300.0,0.035458
301400.0,0.03548
301500.0,0.035503
301600.0,0.035526
301700.0,0.035549
301800.0,0.035573
301900.0,0.035596
302000.0,0.03562
302100.0,0.035644
302200.0,0.035668
302300.0,0.035691
302400.0,0.035714
302500.0,0.035735
302600.0,0.035756
302700.0,0.035776
302800.0,0.035795
302900.0,0.035812
303000.0,0.035828
303100.0,0.035841
303200.0,0.035853
303300.0,0.035864
303400.0,0.035874
303500.0,0.035883
303600.0,0.035893
303700.0,0.035902
303800.0,0.035911
303900.0,0.035921
304000.0,0.035931
304100.0,0.035944
304200.0,0.035957
304300.0,0.035971
304400.0,0.035986
304500.0,0.036002
304600.0,0.036019
304700.0,0.036036
304800.0,0.036054
304900.0,0.036071
305000.0,0.036089
305100.0,0.036108
305200.0,0.036127
305300.0,0.036145
305400.0,0.036162
305500.0,0.036177
305600.0,0.036192
305700.0,0.036205
305800.0,0.036216
305900.0,0.036226
306000.0,0.036233
306100.0,0.036236
306200.0,0.036237
306300.0,0.036237
306400.0,0.036236
306500.0,0.036235
306600.0,0.036234
306700.0,0.036234
306800.0,0.036235
306900.0,0.036237
307000.0,0.036241
307100.0,0.036251
307200.0,0.036263
307300.0,0.036276
307400.0,0.03629
307500.0,0.036306
307600.0,0.036321
307700.0,0.036337
307800.0,0.036351
307900.0,0.036366
308000.0,0.036378
308100.0,0.036386
308200.0,0.036392
308300.0,0.036397
308400.0,0.0364
308500.0,0.036402
308600.0,0.036403
308700.0,0.036403
308800.0,0.036402
308900.0,0.036401
309000.0,0.0364
309100.0,0.036401
309200.0,0.036402
309300.0,0.036403
309400.0,0.036404
309500.0,0.036406
309600.0,0.036408
309700.0,0.03641
309800.0,0.036412
309900.0,0.036415
310000.0,0.036418
310100.0,0.036421
310200.0,0.036424
310300.0,0.036427
310400.0,0.03643
310500.0,0.036433
310600.0,0.036435
310700.0,0.036437
310800.0,0.036438
310900.0,0.036439
311000.0,0.036439
311100.0,0.036436
311200.0,0.036434
311300.0,0.036431
311400.0,0.036428
311500.0,0.036424
311600.0,0.036421
311700.0,0.036418
311800.0,0.036415
311900.0,0.036412
312000.0,0.03641
312100.0,0.03641
312200.0,0.036411
312300.0,0.036412
312400.0,0.036413
312500.0,0.036414
312600.0,0.036414
312700.0,0.036414
312800.0,0.036413
312900.0,0.036412
313000.0,0.036409
313100.0,0.036403
313200.0,0.036395
313300.0,0.036387
313400.0,0.036378
313500.0,0.036369
313600.0,0.036359
313700.0,0.036348
313800.0,0.036338
313900.0,0.036328
314000.0,0.036318
314100.0,0.036309
314200.0,0.036302
314300.0,0.036295
314400.0,0.036288
314500.0,0.036282
314600.0,0.036277
314700.0,0.036271
314800.0,0.036266
314900.0,0.036262
315000.0,0.036257
315100.0,0.036253
315200.0,0.036248
315300.0,0.036243
315400.0,0.036238
315500.0,0.036232
315600.0,0.036226
315700.0,0.036219
315800.0,0.03621
315900.0,0.036201
316000.0,0.036191
316100.0,0.03618
316200.0,0.036167
316300.0,0.036153
316400.0,0.036139
316500.0,0.036124
316600.0,0.036108
316700.0,0.036092
316800.0,0.036076
316900.0,0.036059
317000.0,0.036043
317100.0,0.036027
317200.0,0.036011
317300.0,0.035996
317400.0,0.035981
317500.0,0.035966
317600.0,0.035953
317700.0,0.03594
317800.0,0.035928
317900.0,0.035916
318000.0,0.035905
318100.0,0.035897
318200.0,0.035889
318300.0,0.035881
318400.0,0.035873
318500.0,0.035864
318600.0,0.035855
318700.0,0.035845
318800.0,0.035833
318900.0,0.03582
319000.0,0.035806
319100.0,0.035787
319200.0,0.035766
319300.0,0.035744
319400.0,0.035721
319500.0,0.035697
319600.0,0.035673
319700.0,0.035649
319800.0,0.035625
319900.0,0.035601
320000.0,0.035579
320100.0,0.03556
320200.0,0.035542
320300.0,0.035525
320400.0,0.035509
320500.0,0.035493
320600.0,0.035478
320700.0,0.035462
320800.0,0.035447
320900.0,0.035431
321000.0,0.035415
321100.0,0.035396
321200.0,0.035377
321300.0,0.035357
321400.0,0.035336
321500.0,0.035315
321600.0,0.035293
321700.0,0.035271
321800.0,0.035248
321900.0,0.035225
322000.0,0.035202
322100.0,0.03518
322200.0,0.035158
322300.0,0.035136
322400.0,0.035114
322500.0,0.035091
322600.0,0.035069
322700.0,0.035047
322800.0,0.035024
322900.0,0.035002
323000.0,0.034979
323100.0,0.034956
323200.0,0.034933
323300.0,0.03491
323400.0,0.034886
323500.0,0.034862
323600.0,0.034837
323700.0,0.034812
323800.0,0.034786
323900.0,0.03476
324000.0,0.034733
324100.0,0.034704
324200.0,0.034675
324300.0,0.034645
324400.0,0.034616
324500.0,0.034587
324600.0,0.034558
324700.0,0.034529
324800.0,0.034501
324900.0,0.034474
325000.0,0.034447
325100.0,0.034424
325200.0,0.034401
325300.0,0.034379
325400.0,0.034357
325500.0,0.034334
325600.0,0.034312
325700.0,0.034288
325800.0,0.034264
325900.0,0.034239
326000.0,0.034212
326100.0,0.034182
326200.0,0.03415
326300.0,0.034117
326400.0,0.034082
326500.0,0.034047
326600.0,0.034012
326700.0,0.033975
326800.0,0.033939
326900.0,0.033903
327000.0,0.033867
327100.0,0.033834
327200.0,0.033801
327300.0,0.033768
327400.0,0.033736
327500.0,0.033705
327600.0,0.033674
327700.0,0.033644
327800.0,0.033614
327900.0,0.033584
328000.0,0.033554
328100.0,0.033524
328200.0,0.033494
328300.0,0.033464
328400.0,0.033434
328500.0,0.033403
328600.0,0.033372
328700.0,0.03334
328800.0,0.033308
328900.0,0.033275
329000.0,0.033241
329100.0,0.033207
329200.0,0.033172
329300.0,0.033136
329400.0,0.033099
329500.0,0.033062
329600.0,0.033024
329700.0,0.032985
329800.0,0.032947
329900.0,0.032908
330000.0,0.032868
330100.0,0.032829
330200.0,0.032789
330300.0,0.032749
330400.0,0.03271
330500.0,0.03267
330600.0,0.032631
330700.0,0.032592
330800.0,0.032554
330900.0,0.032515
331000.0,0.032477
331100.0,0.03244
331200.0,0.032404
331300.0,0.032367
331400.0,0.032331
331500.0,0.032295
331600.0,0.032258
331700.0,0.032222
331800.0,0.032185
331900.0,0.032147
332000.0,0.032109
332100.0,0.03207
332200.0,0.03203
332300.0,0.031989
332400.0,0.031948
332500.0,0.031906
332600.0,0.031864
332700.0,0.031821
332800.0,0.031778
332900.0,0.031735
333000.0,0.031691
333100.0,0.031648
333200.0,0.031605
333300.0,0.031561
333400.0,0.031517
333500.0,0.031473
333600.0,0.031429
333700.0,0.031385
333800.0,0.031341
333900.0,0.031296
334000.0,0.031251
334100.0,0.031206
334200.0,0.031161
334300.0,0.031116
334400.0,0.03107
334500.0,0.031024
334600.0,0.030979
334700.0,0.030933
334800.0,0.030887
334900.0,0.030841
335000.0,0.030795
335100.0,0.030748
335200.0,0.030702
335300.0,0.030655
335400.0,0.030609
335500.0,0.030563
335600.0,0.030517
335700.0,0.030471
335800.0,0.030425
335900.0,0.030379
336000.0,0.030333
336100.0,0.030289
336200.0,0.030245
336300.0,0.0302
336400.0,0.030155
336500.0,0.030108
336600.0,0.030061
336700.0,0.030012
336800.0,0.029962
336900.0,0.029911
337000.0,0.029858
337100.0,0.0298
337200.0,0.029741
337300.0,0.029681
337400.0,0.02962
337500.0,0.02956
337600.0,0.029499
337700.0,0.02944
337800.0,0.029382
337900.0,0.029325
338000.0,0.02927
338100.0,0.029221
338200.0,0.029174
338300.0,0.029128
338400.0,0.029083
338500.0,0.029039
338600.0,0.028995
338700.0,0.02895
338800.0,0.028905
338900.0,0.028859
339000.0,0.028811
339100.0,0.028758
339200.0,0.028703
339300.0,0.028647
339400.0,0.028588
339500.0,0.028528
339600.0,0.028467
339700.0,0.028405
339800.0,0.028342
339900.0,0.028279
340000.0,0.028215
340100.0,0.028152
340200.0,0.028089
340300.0,0.028027
340400.0,0.027965
340500.0,0.027904
340600.0,0.027843
340700.0,0.027782
340800.0,0.027723
340900.0,0.027664
341000.0,0.027606
341100.0,0.027549
341200.0,0.027492
341300.0,0.027436
341400.0,0.02738
341500.0,0.027324
341600.0,0.027268
341700.0,0.027212
341800.0,0.027155
341900.0,0.027097
342000.0,0.027039
342100.0,0.026979
342200.0,0.026917
342300.0,0.026855
342400.0,0.026792
342500.0,0.026728
342600.0,0.026663
342700.0,0.026597
342800.0,0.026531
342900.0,0.026464
343000.0,0.026397
343100.0,0.02633
343200.0,0.026262
343300.0,0.026194
343400.0,0.026126
343500.0,0.026059
343600.0,0.025992
343700.0,0.025925
343800.0,0.025859
343900.0,0.025793
344000.0,0.025727
344100.0,0.025664
344200.0,0.025601
344300.0,0.025538
344400.0,0.025475
344500.0,0.025412
344600.0,0.025348
344700.0,0.025284
344800.0,0.025219
344900.0,0.025153
345000.0,0.025086
345100.0,0.025015
345200.0,0.024943
345300.0,0.02487
345400.0,0.024796
345500.0,0.024723
345600.0,0.024649
345700.0,0.024576
345800.0,0.024503
345900.0,0.02443
346000.0,0.024359
346100.0,0.024292
346200.0,0.024226
346300.0,0.024161
346400.0,0.024095
346500.0,0.02403
346600.0,0.023964
346700.0,0.023898
346800.0,0.023831
346900.0,0.023762
347000.0,0.023692
347100.0,0.023617
347200.0,0.023541
347300.0,0.023463
347400.0,0.023384
347500.0,0.023305
347600.0,0.023225
347700.0,0.023145
347800.0,0.023064
347900.0,0.022985
348000.0,0.022906
348100.0,0.02283
348200.0,0.022754
348300.0,0.02268
348400.0,0.022607
348500.0,0.022535
348600.0,0.022463
348700.0,0.022392
348800.0,0.022322
348900.0,0.022252
349000.0,0.022182
349100.0,0.022112
349200.0,0.022041
349300.0,0.021971
349400.0,0.021899
349500.0,0.021827
349600.0,0.021753
349700.0,0.021678
349800.0,0.021602
349900.0,0.021524
350000.0,0.021445
350100.0,0.021363
350200.0,0.021279
350300.0,0.021194
350400.0,0.021108
350500.0,0.021023
350600.0,0.020937
350700.0,0.020851
350800.0,0.020766
350900.0,0.020681
351000.0,0.020598
351100.0,0.020518
351200.0,0.020439
351300.0,0.020362
351400.0,0.020286
351500.0,0.02021
351600.0,0.020134
351700.0,0.020059
351800.0,0.019985
351900.0,0.019909
352000.0,0.019834
352100.0,0.019756
352200.0,0.019678
352300.0,0.019599
352400.0,0.01952
352500.0,0.019439
352600.0,0.019357
352700.0,0.019275
352800.0,0.019192
352900.0,0.019108
353000.0,0.019023
353100.0,0.018938
353200.0,0.018852
353300.0,0.018766
353400.0,0.018679
353500.0,0.018593
353600.0,0.018506
353700.0,0.01842
353800.0,0.018333
353900.0,0.018247
354000.0,0.018161
354100.0,0.018077
354200.0,0.017993
354300.0,0.017909
354400.0,0.017826
354500.0,0.017743
354600.0,0.01766
354700.0,0.017577
354800.0,0.017494
354900.0,0.01741
355000.0,0.017327
355100.0,0.017242
355200.0,0.017158
355300.0,0.017072
355400.0,0.016987
355500.0,0.016901
355600.0,0.016815
355700.0,0.016729
355800.0,0.016643
355900.0,0.016556
356000.0,0.016469
356100.0,0.016383
356200.0,0.016296
356300.0,0.016209
356400.0,0.016122
356500.0,0.016035
356600.0,0.015949
356700.0,0.015862
356800.0,0.015775
356900.0,0.015688
357000.0,0.015601
357100.0,0.015515
357200.0,0.015429
357300.0,0.015343
357400.0,0.015256
357500.0,0.015169
357600.0,0.015081
357700.0,0.014993
357800.0,0.014904
357900.0,0.014814
358000.0,0.014723
358100.0,0.01463
358200.0,0.014536
358300.0,0.014442
358400.0,0.014348
358500.0,0.014255
358600.0,0.014162
358700.0,0.01407
358800.0,0.013979
358900.0,0.01389
359000.0,0.013802
359100.0,0.01372
359200.0,0.013638
359300.0,0.013558
359400.0,0.013478
359500.0,0.013398
359600.0,0.013318
359700.0,0.013237
359800.0,0.013156
359900.0,0.013072
360000.0,0.012987
360100.0,0.012896
360200.0,0.012803
360300.0,0.012709
360400.0,0.012613
360500.0,0.012516
360600.0,0.012419
360700.0,0.012322
360800.0,0.012224
360900.0,0.012127
361000.0,0.012031
361100.0,0.011939
361200.0,0.011848
361300.0,0.011759
361400.0,0.01167
361500.0,0.011583
361600.0,0.011497
361700.0,0.011412
361800.0,0.011327
361900.0,0.011244
362000.0,0.01116
362100.0,0.011077
362200.0,0.010994
362300.0,0.01091
362400.0,0.010827
362500.0,0.010743
362600.0,0.010659
362700.0,0.010574
362800.0,0.010488
362900.0,0.010402
363000.0,0.010315
363100.0,0.010226
363200.0,0.010136
363300.0,0.010046
363400.0,0.009956
363500.0,0.009865
363600.0,0.009775
363700.0,0.009686
363800.0,0.009597
363900.0,0.009508
364000.0,0.009421
364100.0,0.009338
364200.0,0.009255
364300.0,0.009173
364400.0,0.009092
364500.0,0.009011
364600.0,0.008931
364700.0,0.00885
364800.0,0.008769
364900.0,0.008688
365000.0,0.008607
365100.0,0.008522
365200.0,0.008436
365300.0,0.008351
365400.0,0.008265
365500.0,0.00818
365600.0,0.008095
365700.0,0.008011
365800.0,0.007928
365900.0,0.007847
366000.0,0.007766
366100.0,0.007691
366200.0,0.007617
366300.0,0.007544
366400.0,0.007472
366500.0,0.0074
366600.0,0.00733
366700.0,0.007259
366800.0,0.007189
366900.0,0.007118
367000.0,0.007047
367100.0,0.006973
367200.0,0.006899
367300.0,0.006823
367400.0,0.006748
367500.0,0.006672
367600.0,0.006595
367700.0,0.006518
367800.0,0.006442
367900.0,0.006365
368000.0,0.00629
368100.0,0.006214
368200.0,0.00614
368300.0,0.006067
368400.0,0.005995
368500.0,0.005925
368600.0,0.005857
368700.0,0.005791
368800.0,0.005726
368900.0,0.005664
369000.0,0.005604
369100.0,0.005549
369200.0,0.005495
369300.0,0.005443
369400.0,0.005393
369500.0,0.005343
369600.0,0.005294
369700.0,0.005246
369800.0,0.005198
369900.0,0.005149
370000.0,0.0051
370100.0,0.005047
370200.0,0.004994
370300.0,0.004941
370400.0,0.004887
370500.0,0.004835
370600.0,0.004783
370700.0,0.004732
370800.0,0.004683
370900.0,0.004636
371000.0,0.004592
371100.0,0.004552
371200.0,0.004515
371300.0,0.004481
371400.0,0.004448
371500.0,0.004419
371600.0,0.004391
371700.0,0.004365
371800.0,0.004341
371900.0,0.004319
372000.0,0.004298
372100.0,0.004276
372200.0,0.004257
372300.0,0.004238
372400.0,0.004221
372500.0,0.004206
372600.0,0.004192
372700.0,0.00418
372800.0,0.00417
372900.0,0.004161
373000.0,0.004155
373100.0,0.004151
373200.0,0.00415
373300.0,0.00415
373400.0,0.004153
373500.0,0.004159
373600.0,0.004166
373700.0,0.004176
373800.0,0.004188
373900.0,0.004203
374000.0,0.004219
374100.0,0.004239
374200.0,0.004261
374300.0,0.004284
374400.0,0.004309
374500.0,0.004335
374600.0,0.004363
374700.0,0.004391
374800.0,0.00442
374900.0,0.00445
375000.0,0.00448
375100.0,0.004509
375200.0,0.004538
375300.0,0.004569
375400.0,0.0046
375500.0,0.004632
375600.0,0.004665
375700.0,0.0047
375800.0,0.004737
375900.0,0.004776
376000.0,0.004816
376100.0,0.004861
376200.0,0.004907
376300.0,0.004956
376400.0,0.005006
376500.0,0.005058
376600.0,0.005111
376700.0,0.005166
376800.0,0.005221
376900.0,0.005277
377000.0,0.005334
377100.0,0.00539
377200.0,0.005447
377300.0,0.005504
377400.0,0.00556
377500.0,0.005617
377600.0,0.005674
377700.0,0.005732
377800.0,0.005789
377900.0,0.005846
378000.0,0.005904
378100.0,0.005961
378200.0,0.006019
378300.0,0.006078
378400.0,0.006136
378500.0,0.006195
378600.0,0.006254
378700.0,0.006313
378800.0,0.006373
378900.0,0.006433
379000.0,0.006494
379100.0,0.006555
379200.0,0.006617
379300.0,0.00668
379400.0,0.006742
379500.0,0.006805
379600.0,0.006869
379700.0,0.006932
379800.0,0.006996
379900.0,0.00706
380000.0,0.007124
380100.0,0.007187
380200.0,0.007251
380300.0,0.007315
380400.0,0.007378
380500.0,0.007443
380600.0,0.007507
380700.0,0.007571
380800.0,0.007636
380900.0,0.007701
381000.0,0.007766
381100.0,0.007831
381200.0,0.007897
381300.0,0.007963
381400.0,0.00803
381500.0,0.008096
381600.0,0.008162
381700.0,0.008228
381800.0,0.008294
381900.0,0.00836
382000.0,0.008425
382100.0,0.00849
382200.0,0.008555
382300.0,0.008619
382400.0,0.008683
382500.0,0.008746
382600.0,0.008808
382700.0,0.008869
382800.0,0.00893
382900.0,0.00899
383000.0,0.009049
383100.0,0.009105
383200.0,0.009161
383300.0,0.009217
383400.0,0.009273
383500.0,0.00933
383600.0,0.009388
383700.0,0.009446
383800.0,0.009506
383900.0,0.009567
384000.0,0.00963
384100.0,0.009699
384200.0,0.009769
384300.0,0.009839
384400.0,0.009911
384500.0,0.009982
384600.0,0.010052
384700.0,0.010122
384800.0,0.010189
384900.0,0.010256
385000.0,0.010319
385100.0,0.010376
385200.0,0.01043
385300.0,0.010483
385400.0,0.010533
385500.0,0.010582
385600.0,0.010631
385700.0,0.010679
385800.0,0.010727
385900.0,0.010775
386000.0,0.010825
386100.0,0.010878
386200.0,0.010934
386300.0,0.01099
386400.0,0.011047
386500.0,0.011105
386600.0,0.011164
386700.0,0.011224
386800.0,0.011284
386900.0,0.011344
387000.0,0.011403
387100.0,0.011461
387200.0,0.011519
387300.0,0.011576
387400.0,0.011632
387500.0,0.011687
387600.0,0.011741
387700.0,0.011794
387800.0,0.011847
387900.0,0.011898
388000.0,0.011948
388100.0,0.011997
388200.0,0.012044
388300.0,0.012091
388400.0,0.012138
388500.0,0.012184
388600.0,0.01223
388700.0,0.012276
388800.0,0.012322
388900.0,0.012368
389000.0,0.012414
389100.0,0.012463
389200.0,0.012511
389300.0,0.01256
389400.0,0.012609
389500.0,0.012657
389600.0,0.012706
389700.0,0.012753
389800.0,0.012801
389900.0,0.012847
390000.0,0.012893
390100.0,0.012936
390200.0,0.012978
390300.0,0.01302
390400.0,0.01306
390500.0,0.013101
390600.0,0.013141
390700.0,0.01318
390800.0,0.01322
390900.0,0.013259
391000.0,0.013299
391100.0,0.013341
391200.0,0.013382
391300.0,0.013424
391400.0,0.013466
391500.0,0.013508
391600.0,0.01355
391700.0,0.013592
391800.0,0.013634
391900.0,0.013676
392000.0,0.013717
392100.0,0.013758
392200.0,0.013799
392300.0,0.013839
392400.0,0.013878
392500.0,0.013916
392600.0,0.013953
392700.0,0.013989
392800.0,0.014024
392900.0,0.014058
393000.0,0.01409
393100.0,0.01412
393200.0,0.01415
393300.0,0.014178
393400.0,0.014207
393500.0,0.014235
393600.0,0.014264
393700.0,0.014292
393800.0,0.014322
393900.0,0.014352
394000.0,0.014383
394100.0,0.014418
394200.0,0.014453
394300.0,0.01449
394400.0,0.014527
394500.0,0.014564
394600.0,0.014601
394700.0,0.014638
394800.0,0.014675
394900.0,0.014711
395000.0,0.014746
395100.0,0.014779
395200.0,0.01481
395300.0,0.01484
395400.0,0.014869
395500.0,0.014896
395600.0,0.014922
395700.0,0.014947
395800.0,0.01497
395900.0,0.014992
396000.0,0.015013
396100.0,0.015032
396200.0,0.015051
396300.0,0.015069
396400.0,0.015087
396500.0,0.015105
396600.0,0.015125
396700.0,0.015144
396800.0,0.015165
396900.0,0.015188
397000.0,0.015211
397100.0,0.015239
397200.0,0.015268
397300.0,0.015299
397400.0,0.015329
397500.0,0.015359
397600.0,0.015389
397700.0,0.015419
397800.0,0.015447
397900.0,0.015473
398000.0,0.015498
398100.0,0.015517
398200.0,0.015533
398300.0,0.015548
398400.0,0.015562
398500.0,0.015575
398600.0,0.015586
398700.0,0.015598
398800.0,0.015609
398900.0,0.015621
399000.0,0.015633
399100.0,0.01565
399200.0,0.015667
399300.0,0.015685
399400.0,0.015703
399500.0,0.015722
399600.0,0.01574
399700.0,0.015759
399800.0,0.015777
399900.0,0.015794
400000.0,0.01581
400100.0,0.015823
400200.0,0.015835
400300.0,0.015846
400400.0,0.015856
400500.0,0.015865
400600.0,0.015874
400700.0,0.015882
400800.0,0.01589
400900.0,0.015898
401000.0,0.015906
401100.0,0.015915
401200.0,0.015924
401300.0,0.015934
401400.0,0.015943
401500.0,0.015953
401600.0,0.015963
401700.0,0.015973
401800.0,0.015983
401900.0,0.015993
402000.0,0.016003
402100.0,0.016012
402200.0,0.016022
402300.0,0.016031
402400.0,0.016039
402500.0,0.016046
402600.0,0.016053
402700.0,0.016058
402800.0,0.016062
402900.0,0.016065
403000.0,0.016067
403100.0,0.016067
403200.0,0.016065
403300.0,0.016062
403400.0,0.016059
403500.0,0.016055
403600.0,0.016052
403700.0,0.016048
403800.0,0.016045
403900.0,0.016042
404000.0,0.01604
404100.0,0.01604
404200.0,0.016042
404300.0,0.016044
404400.0,0.016046
404500.0,0.016049
404600.0,0.016051
404700.0,0.016054
404800.0,0.016056
404900.0,0.016058
405000.0,0.016059
405100.0,0.016058
405200.0,0.016056
405300.0,0.016053
405400.0,0.016049
405500.0,0.016044
405600.0,0.016038
405700.0,0.016032
405800.0,0.016024
405900.0,0.016016
406000.0,0.016007
406100.0,0.015997
406200.0,0.015987
406300.0,0.015977
406400.0,0.015966
406500.0,0.015955
406600.0,0.015944
406700.0,0.015933
406800.0,0.015922
406900.0,0.015911
407000.0,0.015899
407100.0,0.015889
407200.0,0.015878
407300.0,0.015868
407400.0,0.015857
407500.0,0.015847
407600.0,0.015837
407700.0,0.015827
407800.0,0.015816
407900.0,0.015806
408000.0,0.015795
408100.0,0.015784
408200.0,0.015772
408300.0,0.015761
408400.0,0.015748
408500.0,0.015736
408600.0,0.015722
408700.0,0.015709
408800.0,0.015694
408900.0,0.015679
409000.0,0.015664
409100.0,0.015648
409200.0,0.015631
409300.0,0.015613
409400.0,0.015595
409500.0,0.015576
409600.0,0.015558
409700.0,0.015539
409800.0,0.015519
409900.0,0.0155
410000.0,0.01548
410100.0,0.01546
410200.0,0.015441
410300.0,0.015421
410400.0,0.015402
410500.0,0.015382
410600.0,0.015362
410700.0,0.015341
410800.0,0.015321
410900.0,0.0153
411000.0,0.015279
411100.0,0.015257
411200.0,0.015235
411300.0,0.015212
411400.0,0.01519
411500.0,0.015167
411600.0,0.015145
411700.0,0.015122
411800.0,0.0151
411900.0,0.015078
412000.0,0.015056
412100.0,0.015035
412200.0,0.015015
412300.0,0.014994
412400.0,0.014973
412500.0,0.014952
412600.0,0.01493
412700.0,0.014908
412800.0,0.014885
412900.0,0.014861
413000.0,0.014836
413100.0,0.01481
413200.0,0.014782
413300.0,0.014753
413400.0,0.014724
413500.0,0.014694
413600.0,0.014663
413700.0,0.014632
413800.0,0.0146
413900.0,0.014569
414000.0,0.014537
414100.0,0.014505
414200.0,0.014473
414300.0,0.014441
414400.0,0.01441
414500.0,0.01438
414600.0,0.014351
414700.0,0.014322
414800.0,0.014295
414900.0,0.014268
415000.0,0.014242
415100.0,0.01422
415200.0,0.014199
415300.0,0.014177
415400.0,0.014156
415500.0,0.014133
415600.0,0.01411
415700.0,0.014085
415800.0,0.014059
415900.0,0.014031
416000.0,0.014
416100.0,0.013963
416200.0,0.013924
416300.0,0.013884
416400.0,0.013842
416500.0,0.013799
416600.0,0.013756
416700.0,0.013713
416800.0,0.013671
416900.0,0.01363
417000.0,0.01359
417100.0,0.013556
417200.0,0.013524
417300.0,0.013493
417400.0,0.013463
417500.0,0.013434
417600.0,0.013406
417700.0,0.013379
417800.0,0.013351
417900.0,0.013323
418000.0,0.013295
418100.0,0.013263
418200.0,0.01323
418300.0,0.013196
418400.0,0.013161
418500.0,0.013125
418600.0,0.013088
418700.0,0.013051
418800.0,0.013014
418900.0,0.012975
419000.0,0.012937
419100.0,0.012899
419200.0,0.012862
419300.0,0.012824
419400.0,0.012786
419500.0,0.012748
419600.0,0.01271
419700.0,0.012672
419800.0,0.012634
419900.0,0.012595
420000.0,0.012557
420100.0,0.012518
420200.0,0.012479
420300.0,0.01244
420400.0,0.012401
420500.0,0.012362
420600.0,0.012323
420700.0,0.012283
420800.0,0.012244
420900.0,0.012205
421000.0,0.012165
421100.0,0.012126
421200.0,0.012087
421300.0,0.012047
421400.0,0.012008
421500.0,0.011969
421600.0,0.011929
421700.0,0.01189
421800.0,0.01185
421900.0,0.011811
422000.0,0.011771
422100.0,0.011732
422200.0,0.011692
422300.0,0.011653
422400.0,0.011613
422500.0,0.011573
422600.0,0.011534
422700.0,0.011494
422800.0,0.011454
422900.0,0.011414
423000.0,0.011374
423100.0,0.011335
423200.0,0.011295
423300.0,0.011256
423400.0,0.011215
423500.0,0.011175
423600.0,0.011134
423700.0,0.011092
423800.0,0.01105
423900.0,0.011007
424000.0,0.010964
424100.0,0.010919
424200.0,0.010873
424300.0,0.010827
424400.0,0.010781
424500.0,0.010735
424600.0,0.010689
424700.0,0.010644
424800.0,0.0106
424900.0,0.010557
425000.0,0.010514
425100.0,0.010475
425200.0,0.010436
425300.0,0.010398
425400.0,0.010361
425500.0,0.010324
425600.0,0.010287
425700.0,0.010251
425800.0,0.010214
425900.0,0.010177
426000.0,0.010139
426100.0,0.010099
426200.0,0.010058
426300.0,0.010017
426400.0,0.009975
426500.0,0.009932
426600.0,0.009888
426700.0,0.009843
426800.0,0.009798
426900.0,0.009753
427000.0,0.009707
427100.0,0.009661
427200.0,0.009615
427300.0,0.009569
427400.0,0.009524
427500.0,0.009479
427600.0,0.009435
427700.0,0.009391
427800.0,0.009349
427900.0,0.009307
428000.0,0.009267
428100.0,0.009229
428200.0,0.009192
428300.0,0.009156
428400.0,0.009121
428500.0,0.009086
428600.0,0.009051
428700.0,0.009016
428800.0,0.008981
428900.0,0.008946
429000.0,0.00891
429100.0,0.008872
429200.0,0.008832
429300.0,0.008793
429400.0,0.008753
429500.0,0.008712
429600.0,0.008672
429700.0,0.008631
429800.0,0.008591
429900.0,0.008551
430000.0,0.008511
430100.0,0.008474
430200.0,0.008437
430300.0,0.008401
430400.0,0.008365
430500.0,0.008329
430600.0,0.008294
430700.0,0.008259
430800.0,0.008224
430900.0,0.008189
431000.0,0.008154
431100.0,0.008118
431200.0,0.008081
431300.0,0.008045
431400.0,0.008008
431500.0,0.007973
431600.0,0.007938
431700.0,0.007903
431800.0,0.007869
431900.0,0.007837
432000.0,0.007805
432100.0,0.007776
432200.0,0.007748
432300.0,0.007721
432400.0,0.007695
432500.0,0.007669
432600.0,0.007644
432700.0,0.007619
432800.0,0.007595
432900.0,0.00757
433000.0,0.007545
433100.0,0.007519
433200.0,0.007492
433300.0,0.007466
433400.0,0.007439
433500.0,0.007411
433600.0,0.007384
433700.0,0.007357
433800.0,0.00733
433900.0,0.007303
434000.0,0.007277
434100.0,0.007252
434200.0,0.007227
434300.0,0.007202
434400.0,0.007179
434500.0,0.007156
434600.0,0.007134
434700.0,0.007112
434800.0,0.007091
434900.0,0.007071
435000.0,0.007052
435100.0,0.007034
435200.0,0.007016
435300.0,0.006999
435400.0,0.006984
435500.0,0.006969
435600.0,0.006955
435700.0,0.006943
435800.0,0.006931
435900.0,0.00692
436000.0,0.00691
436100.0,0.006902
436200.0,0.006895
436300.0,0.006888
436400.0,0.006882
436500.0,0.006876
436600.0,0.00687
436700.0,0.006865
436800.0,0.006859
436900.0,0.006852
437000.0,0.006846
437100.0,0.006838
437200.0,0.006829
437300.0,0.00682
437400.0,0.006812
437500.0,0.006804
437600.0,0.006797
437700.0,0.006791
437800.0,0.006786
437900.0,0.006782
438000.0,0.00678
438100.0,0.006781
438200.0,0.006784
438300.0,0.006788
438400.0,0.006794
438500.0,0.006801
438600.0,0.006809
438700.0,0.006818
438800.0,0.006828
438900.0,0.006838
439000.0,0.006849
439100.0,0.006859
439200.0,0.006869
439300.0,0.006879
439400.0,0.00689
439500.0,0.006902
439600.0,0.006914
439700.0,0.006926
439800.0,0.006939
439900.0,0.006953
440000.0,0.006968
440100.0,0.006985
440200.0,0.007003
440300.0,0.007021
440400.0,0.007041
440500.0,0.007061
440600.0,0.007082
440700.0,0.007103
440800.0,0.007125
440900.0,0.007148
441000.0,0.00717
441100.0,0.007193
441200.0,0.007217
441300.0,0.007241
441400.0,0.007265
441500.0,0.007289
441600.0,0.007313
441700.0,0.007338
441800.0,0.007363
441900.0,0.007388
442000.0,0.007413
442100.0,0.007438
442200.0,0.007463
442300.0,0.007489
442400.0,0.007517
442500.0,0.007545
442600.0,0.007575
442700.0,0.007606
442800.0,0.007639
442900.0,0.007674
443000.0,0.007711
443100.0,0.007753
443200.0,0.007796
443300.0,0.007841
443400.0,0.007886
443500.0,0.007932
443600.0,0.007978
443700.0,0.008023
443800.0,0.008068
443900.0,0.008112
444000.0,0.008155
444100.0,0.008193
444200.0,0.008229
444300.0,0.008265
444400.0,0.008299
444500.0,0.008334
444600.0,0.008368
444700.0,0.008403
444800.0,0.008438
444900.0,0.008474
445000.0,0.008512
445100.0,0.008554
445200.0,0.008598
445300.0,0.008643
445400.0,0.00869
445500.0,0.008739
445600.0,0.008789
445700.0,0.008841
445800.0,0.008893
445900.0,0.008947
446000.0,0.009001
446100.0,0.009055
446200.0,0.009109
446300.0,0.009164
446400.0,0.009218
446500.0,0.009273
446600.0,0.009327
446700.0,0.009381
446800.0,0.009434
446900.0,0.009487
447000.0,0.009539
447100.0,0.00959
447200.0,0.00964
447300.0,0.00969
447400.0,0.00974
447500.0,0.00979
447600.0,0.00984
447700.0,0.009891
447800.0,0.009943
447900.0,0.009995
448000.0,0.010049
448100.0,0.010106
448200.0,0.010164
448300.0,0.010223
448400.0,0.010283
448500.0,0.010343
448600.0,0.010404
448700.0,0.010464
448800.0,0.010525
448900.0,0.010586
449000.0,0.010646
449100.0,0.010703
449200.0,0.01076
449300.0,0.010817
449400.0,0.010874
449500.0,0.010931
449600.0,0.010988
449700.0,0.011046
449800.0,0.011105
449900.0,0.011164
450000.0,0.011225
450100.0,0.011289
450200.0,0.011355
450300.0,0.011421
450400.0,0.011488
450500.0,0.011555
450600.0,0.011623
450700.0,0.01169
450800.0,0.011757
450900.0,0.011824
451000.0,0.011891
451100.0,0.011954
451200.0,0.012017
451300.0,0.01208
451400.0,0.012142
451500.0,0.012203
451600.0,0.012264
451700.0,0.012325
451800.0,0.012385
451900.0,0.012446
452000.0,0.012507
452100.0,0.01257
452200.0,0.012632
452300.0,0.012696
452400.0,0.01276
452500.0,0.012825
452600.0,0.01289
452700.0,0.012957
452800.0,0.013024
452900.0,0.013092
453000.0,0.013161
453100.0,0.013232
453200.0,0.013302
453300.0,0.013374
453400.0,0.013445
453500.0,0.013517
453600.0,0.013589
453700.0,0.01366
453800.0,0.013731
453900.0,0.013802
454000.0,0.013872
454100.0,0.013941
454200.0,0.014009
454300.0,0.014076
454400.0,0.014143
454500.0,0.014209
454600.0,0.014275
454700.0,0.014341
454800.0,0.014407
454900.0,0.014473
455000.0,0.014539
455100.0,0.014607
455200.0,0.014674
455300.0,0.014742
455400.0,0.014811
455500.0,0.014879
455600.0,0.014949
455700.0,0.015018
455800.0,0.015088
455900.0,0.015158
456000.0,0.015229
456100.0,0.0153
456200.0,0.01537
456300.0,0.015442
456400.0,0.015513
456500.0,0.015585
456600.0,0.015657
456700.0,0.015729
456800.0,0.015801
456900.0,0.015874
457000.0,0.015947
457100.0,0.01602
457200.0,0.016093
457300.0,0.016167
457400.0,0.01624
457500.0,0.016313
457600.0,0.016386
457700.0,0.016458
457800.0,0.016531
457900.0,0.016603
458000.0,0.016674
458100.0,0.016744
458200.0,0.016815
458300.0,0.016884
458400.0,0.016954
458500.0,0.017024
458600.0,0.017093
458700.0,0.017163
458800.0,0.017233
458900.0,0.017304
459000.0,0.017375
459100.0,0.017447
459200.0,0.01752
459300.0,0.017593
459400.0,0.017667
459500.0,0.01774
459600.0,0.017814
459700.0,0.017888
459800.0,0.017962
459900.0,0.018036
460000.0,0.01811
460100.0,0.018182
460200.0,0.018255
460300.0,0.018327
460400.0,0.018399
460500.0,0.018472
460600.0,0.018545
460700.0,0.018618
460800.0,0.018692
460900.0,0.018767
461000.0,0.018842
461100.0,0.01892
461200.0,0.018998
461300.0,0.019077
461400.0,0.019156
461500.0,0.019234
461600.0,0.019311
461700.0,0.019388
461800.0,0.019463
461900.0,0.019538
462000.0,0.01961
462100.0,0.019678
462200.0,0.019744
462300.0,0.01981
462400.0,0.019875
462500.0,0.019939
462600.0,0.020004
462700.0,0.02007
462800.0,0.020137
462900.0,0.020205
463000.0,0.020275
463100.0,0.02035
463200.0,0.020427
463300.0,0.020506
463400.0,0.020586
463500.0,0.020667
463600.0,0.020749
463700.0,0.020831
463800.0,0.020912
463900.0,0.020994
464000.0,0.021075
464100.0,0.021152
464200.0,0.021228
464300.0,0.021303
464400.0,0.021377
464500.0,0.021449
464600.0,0.02152
464700.0,0.021591
464800.0,0.02166
464900.0,0.021728
465000.0,0.021796
465100.0,0.021863
465200.0,0.02193
465300.0,0.021997
465400.0,0.022064
465500.0,0.022132
465600.0,0.022199
465700.0,0.022268
465800.0,0.022337
465900.0,0.022407
466000.0,0.022478
466100.0,0.022552
466200.0,0.022626
466300.0,0.022701
466400.0,0.022777
466500.0,0.022854
466600.0,0.02293
466700.0,0.023007
466800.0,0.023083
466900.0,0.023159
467000.0,0.023235
467100.0,0.023309
467200.0,0.023382
467300.0,0.023454
467400.0,0.023525
467500.0,0.023596
467600.0,0.023666
467700.0,0.023735
467800.0,0.023803
467900.0,0.023871
468000.0,0.023938
468100.0,0.024004
468200.0,0.02407
468300.0,0.024136
468400.0,0.024203
468500.0,0.024269
468600.0,0.024335
468700.0,0.024402
468800.0,0.024469
468900.0,0.024537
469000.0,0.024606
469100.0,0.024676
469200.0,0.024748
469300.0,0.024819
469400.0,0.024891
469500.0,0.024963
469600.0,0.025034
469700.0,0.025105
469800.0,0.025175
469900.0,0.025244
470000.0,0.025313
470100.0,0.025377
470200.0,0.025441
470300.0,0.025504
470400.0,0.025567
470500.0,0.025629
470600.0,0.025692
470700.0,0.025755
470800.0,0.025819
470900.0,0.025884
471000.0,0.025949
471100.0,0.026019
471200.0,0.02609
471300.0,0.026161
471400.0,0.026233
471500.0,0.026305
471600.0,0.026377
471700.0,0.026448
471800.0,0.026518
471900.0,0.026587
472000.0,0.026655
472100.0,0.026719
472200.0,0.026781
472300.0,0.026841
472400.0,0.026901
472500.0,0.026959
472600.0,0.027017
472700.0,0.027074
472800.0,0.027131
472900.0,0.027188
473000.0,0.027246
473100.0,0.027304
473200.0,0.027364
473300.0,0.027425
473400.0,0.027486
473500.0,0.027549
473600.0,0.027612
473700.0,0.027677
473800.0,0.027742
473900.0,0.027809
474000.0,0.027877
474100.0,0.027947
474200.0,0.028017
474300.0,0.028088
474400.0,0.028158
474500.0,0.028227
474600.0,0.028295
474700.0,0.028362
474800.0,0.028426
474900.0,0.028489
475000.0,0.02855
475100.0,0.028604
475200.0,0.028656
475300.0,0.028707
475400.0,0.028756
475500.0,0.028805
475600.0,0.028853
475700.0,0.028902
475800.0,0.028952
475900.0,0.029002
476000.0,0.029054
476100.0,0.029113
476200.0,0.029173
476300.0,0.029234
476400.0,0.029297
476500.0,0.029361
476600.0,0.029425
476700.0,0.02949
476800.0,0.029554
476900.0,0.029618
477000.0,0.02968
477100.0,0.029739
477200.0,0.029796
477300.0,0.029852
477400.0,0.029907
477500.0,0.029961
477600.0,0.030014
477700.0,0.030065
477800.0,0.030116
477900.0,0.030167
478000.0,0.030216
478100.0,0.030267
478200.0,0.030317
478300.0,0.030368
478400.0,0.030418
478500.0,0.030468
478600.0,0.030518
478700.0,0.030568
478800.0,0.030618
478900.0,0.030668
479000.0,0.030718
479100.0,0.030769
479200.0,0.030819
479300.0,0.030869
479400.0,0.03092
479500.0,0.03097
479600.0,0.031019
479700.0,0.031069
479800.0,0.031118
479900.0,0.031167
480000.0,0.031215
480100.0,0.031262
480200.0,0.031308
480300.0,0.031354
480400.0,0.0314
480500.0,0.031446
480600.0,0.031491
480700.0,0.031536
480800.0,0.031581
480900.0,0.031627
481000.0,0.031672
481100.0,0.031718
481200.0,0.031764
481300.0,0.03181
481400.0,0.031856
481500.0,0.031902
481600.0,0.031947
481700.0,0.031993
481800.0,0.032038
481900.0,0.032082
482000.0,0.032126
482100.0,0.032169
482200.0,0.032212
482300.0,0.032253
482400.0,0.032294
482500.0,0.032334
482600.0,0.032373
482700.0,0.032412
482800.0,0.032449
482900.0,0.032486
483000.0,0.032522
483100.0,0.032555
483200.0,0.032588
483300.0,0.032621
483400.0,0.032654
483500.0,0.032687
483600.0,0.032721
483700.0,0.032756
483800.0,0.032791
483900.0,0.032828
484000.0,0.032866
484100.0,0.032908
484200.0,0.032951
484300.0,0.032994
484400.0,0.033038
484500.0,0.033082
484600.0,0.033125
484700.0,0.033167
484800.0,0.033209
484900.0,0.033248
485000.0,0.033286
485100.0,0.033318
485200.0,0.033349
485300.0,0.033378
485400.0,0.033405
485500.0,0.03343
485600.0,0.033455
485700.0,0.033479
485800.0,0.033502
485900.0,0.033525
486000.0,0.033548
486100.0,0.033574
486200.0,0.033599
486300.0,0.033626
486400.0,0.033653
486500.0,0.033681
486600.0,0.033709
486700.0,0.033738
486800.0,0.033767
486900.0,0.033797
487000.0,0.033827
487100.0,0.033857
487200.0,0.033888
487300.0,0.033919
487400.0,0.033948
487500.0,0.033978
487600.0,0.034006
487700.0,0.034033
487800.0,0.034059
487900.0,0.034084
488000.0,0.034108
488100.0,0.034127
488200.0,0.034146
488300.0,0.034163
488400.0,0.03418
488500.0,0.034195
488600.0,0.034211
488700.0,0.034226
488800.0,0.034241
488900.0,0.034257
489000.0,0.034273
489100.0,0.034292
489200.0,0.034312
489300.0,0.034332
489400.0,0.034352
489500.0,0.034373
489600.0,0.034392
489700.0,0.034411
489800.0,0.03443
489900.0,0.034447
490000.0,0.034463
490100.0,0.034475
490200.0,0.034486
490300.0,0.034495
490400.0,0.034504
490500.0,0.034513
490600.0,0.034521
490700.0,0.034528
490800.0,0.034537
490900.0,0.034545
491000.0,0.034554
491100.0,0.034566
491200.0,0.034579
491300.0,0.034592
491400.0,0.034606
491500.0,0.03462
491600.0,0.034633
491700.0,0.034646
491800.0,0.034658
491900.0,0.034669
492000.0,0.034679
492100.0,0.034686
492200.0,0.034691
492300.0,0.034696
492400.0,0.034698
492500.0,0.0347
492600.0,0.034701
492700.0,0.0347
492800.0,0.034699
492900.0,0.034696
493000.0,0.034694
493100.0,0.03469
493200.0,0.034687
493300.0,0.034683
493400.0,0.034679
493500.0,0.034676
493600.0,0.034673
493700.0,0.034671
493800.0,0.03467
493900.0,0.034669
494000.0,0.034669
494100.0,0.034671
494200.0,0.034675
494300.0,0.034678
494400.0,0.034682
494500.0,0.034685
494600.0,0.034687
494700.0,0.034689
494800.0,0.034689
494900.0,0.034688
495000.0,0.034685
495100.0,0.034678
495200.0,0.034668
495300.0,0.034657
495400.0,0.034645
495500.0,0.034632
495600.0,0.034617
495700.0,0.034602
495800.0,0.034587
495900.0,0.034572
496000.0,0.034556
496100.0,0.034543
496200.0,0.03453
496300.0,0.034518
496400.0,0.034506
496500.0,0.034494
496600.0,0.034482
496700.0,0.034471
496800.0,0.034459
496900.0,0.034447
497000.0,0.034435
497100.0,0.034421
497200.0,0.034406
497300.0,0.034392
497400.0,0.034376
497500.0,0.034361
497600.0,0.034345
497700.0,0.034329
497800.0,0.034312
497900.0,0.034295
498000.0,0.034277
498100.0,0.034261
498200.0,0.034244
498300.0,0.034226
498400.0,0.034207
498500.0,0.034188
498600.0,0.034168
498700.0,0.034147
498800.0,0.034125
498900.0,0.034101
499000.0,0.034077
499100.0,0.034049
499200.0,0.034021
499300.0,0.033992
499400.0,0.033962
499500.0,0.033932
499600.0,0.033901
499700.0,0.033871
499800.0,0.033841
499900.0,0.033812
500000.0,0.033783
