age,obl
-0.0,0.409093
100.0,0.40932
200.0,0.409547
300.0,0.409773
400.0,0.41
500.0,0.410226
600.0,0.410453
700.0,0.410678
800.0,0.410904
900.0,0.411129
1000.0,0.411353
1100.0,0.411577
1200.0,0.4118
1300.0,0.412022
1400.0,0.412244
1500.0,0.412465
1600.0,0.412685
1700.0,0.412904
1800.0,0.413122
1900.0,0.413339
2000.0,0.413555
2100.0,0.413769
2200.0,0.413983
2300.0,0.414195
2400.0,0.414406
2500.0,0.414615
2600.0,0.414823
2700.0,0.415029
2800.0,0.415234
2900.0,0.415437
3000.0,0.415639
3100.0,0.415839
3200.0,0.416037
3300.0,0.416234
3400.0,0.416429
3500.0,0.416621
3600.0,0.416812
3700.0,0.417001
3800.0,0.417188
3900.0,0.417372
4000.0,0.417555
4100.0,0.417735
4200.0,0.417913
4300.0,0.418088
4400.0,0.418262
4500.0,0.418432
4600.0,0.418601
4700.0,0.418766
4800.0,0.418929
4900.0,0.41909
5000.0,0.419247
5100.0,0.419402
5200.0,0.419554
5300.0,0.419704
5400.0,0.41985
5500.0,0.419994
5600.0,0.420134
5700.0,0.420272
5800.0,0.420407
5900.0,0.420538
6000.0,0.420667
6100.0,0.420793
6200.0,0.420915
6300.0,0.421034
6400.0,0.42115
6500.0,0.421263
6600.0,0.421373
6700.0,0.421479
6800.0,0.421582
6900.0,0.421681
7000.0,0.421777
7100.0,0.421869
7200.0,0.421958
7300.0,0.422043
7400.0,0.422125
7500.0,0.422203
7600.0,0.422277
7700.0,0.422347
7800.0,0.422414
7900.0,0.422477
8000.0,0.422536
8100.0,0.422592
8200.0,0.422644
8300.0,0.422691
8400.0,0.422735
8500.0,0.422776
8600.0,0.422812
8700.0,0.422844
8800.0,0.422873
8900.0,0.422897
9000.0,0.422918
9100.0,0.422935
9200.0,0.422948
9300.0,0.422957
9400.0,0.422961
9500.0,0.422962
9600.0,0.422959
9700.0,0.422952
9800.0,0.422941
9900.0,0.422925
10000.0,0.422906
10100.0,0.422882
10200.0,0.422855
10300.0,0.422823
10400.0,0.422787
10500.0,0.422747
10600.0,0.422703
10700.0,0.422655
10800.0,0.422603
10900.0,0.422547
11000.0,0.422486
11100.0,0.422421
11200.0,0.422353
11300.0,0.42228
11400.0,0.422203
11500.0,0.422122
11600.0,0.422037
11700.0,0.421948
11800.0,0.421855
11900.0,0.421759
12000.0,0.421658
12100.0,0.421553
12200.0,0.421445
12300.0,0.421332
12400.0,0.421216
12500.0,0.421096
12600.0,0.420971
12700.0,0.420843
12800.0,0.420712
12900.0,0.420576
13000.0,0.420436
13100.0,0.420293
13200.0,0.420146
13300.0,0.419994
13400.0,0.41984
13500.0,0.419681
13600.0,0.419519
13700.0,0.419353
13800.0,0.419184
13900.0,0.419011
14000.0,0.418835
14100.0,0.418655
14200.0,0.418471
14300.0,0.418285
14400.0,0.418095
14500.0,0.417901
14600.0,0.417705
14700.0,0.417505
14800.0,0.417302
14900.0,0.417096
15000.0,0.416887
15100.0,0.416675
15200.0,0.416459
15300.0,0.416241
15400.0,0.41602
15500.0,0.415796
15600.0,0.415569
15700.0,0.415339
15800.0,0.415107
15900.0,0.414872
16000.0,0.414634
16100.000000000002,0.414394
16200.0,0.414151
16300.0,0.413906
16400.0,0.413658
16500.0,0.413408
16600.0,0.413155
16700.0,0.4129
16800.0,0.412643
16900.0,0.412384
17000.0,0.412123
17100.0,0.41186
17200.0,0.411595
17300.0,0.411328
17400.0,0.411059
17500.0,0.410789
17600.0,0.410516
17700.0,0.410243
17800.0,0.409968
17900.0,0.409691
18000.0,0.409413
18100.0,0.409134
18200.0,0.408854
18300.0,0.408573
18400.0,0.408291
18500.0,0.408007
18600.0,0.407723
18700.0,0.407437
18800.0,0.407151
18900.0,0.406864
19000.0,0.406577
19100.0,0.406288
19200.0,0.405999
19300.0,0.40571
19400.0,0.40542
19500.0,0.40513
19600.0,0.40484
19700.0,0.404549
19800.0,0.404258
19900.0,0.403968
20000.0,0.403677
20100.0,0.403387
20200.0,0.403097
20300.0,0.402808
20400.0,0.402519
20500.0,0.40223
20600.0,0.401943
20700.0,0.401656
20800.0,0.401369
20900.0,0.401084
21000.0,0.4008
21100.0,0.400517
21200.0,0.400234
21300.0,0.399953
21400.0,0.399674
21500.0,0.399396
21600.0,0.399119
21700.0,0.398843
21800.0,0.398569
21900.0,0.398297
22000.0,0.398027
22100.0,0.397758
22200.0,0.397491
22300.0,0.397226
22400.0,0.396963
22500.0,0.396702
22600.0,0.396444
22700.0,0.396187
22800.0,0.395933
22900.0,0.395682
23000.0,0.395433
23100.0,0.395186
23200.0,0.394943
23300.0,0.394702
23400.0,0.394464
23500.0,0.394229
23600.0,0.393997
23700.0,0.393768
23800.0,0.393542
23900.0,0.39332
24000.0,0.393101
24100.0,0.392885
24200.0,0.392673
24300.0,0.392465
24400.0,0.39226
24500.0,0.392058
24600.0,0.391861
24700.0,0.391667
24800.0,0.391477
24900.0,0.391291
25000.0,0.391108
25100.0,0.39093
25200.0,0.390755
25300.0,0.390585
25400.0,0.390418
25500.0,0.390256
25600.0,0.390098
25700.0,0.389944
25800.0,0.389795
25900.0,0.38965
26000.0,0.38951
26100.0,0.389375
26200.0,0.389244
26300.0,0.389117
26400.0,0.388996
26500.0,0.388879
26600.0,0.388767
26700.0,0.38866
26800.0,0.388558
26900.0,0.38846
27000.0,0.388368
27100.0,0.388281
27200.0,0.388198
27300.0,0.388121
27400.0,0.388048
27500.0,0.387981
27600.0,0.387919
27700.0,0.387862
27800.0,0.38781
27900.0,0.387763
28000.0,0.387721
28100.0,0.387685
28200.0,0.387653
28300.0,0.387627
28400.0,0.387606
28500.0,0.38759
28600.0,0.387579
28700.0,0.387574
28800.0,0.387573
28900.0,0.387579
29000.0,0.387589
29100.0,0.387605
29200.0,0.387626
29300.0,0.387652
29400.0,0.387684
29500.0,0.387721
29600.0,0.387763
29700.0,0.387811
29800.0,0.387864
29900.0,0.387922
30000.0,0.387985
30100.0,0.388053
30200.0,0.388127
30300.0,0.388206
30400.0,0.38829
30500.0,0.388379
30600.0,0.388473
30700.0,0.388572
30800.0,0.388676
30900.0,0.388785
31000.0,0.388898
31100.0,0.389017
31200.0,0.38914
31300.0,0.389268
31400.0,0.389401
31500.0,0.389539
31600.0,0.389681
31700.0,0.389828
31800.0,0.38998
31900.0,0.390136
32000.0,0.390297
32100.0,0.390463
32200.000000000004,0.390633
32299.999999999996,0.390807
32400.0,0.390986
32500.0,0.391169
32600.0,0.391357
32700.000000000004,0.391548
32800.0,0.391744
32900.0,0.391944
33000.0,0.392148
33100.0,0.392356
33200.0,0.392567
33300.0,0.392783
33400.0,0.393002
33500.0,0.393225
33600.0,0.393451
33700.0,0.393681
33800.0,0.393914
33900.0,0.394151
34000.0,0.394391
34100.0,0.394634
34200.0,0.39488
34300.0,0.395129
34400.0,0.395382
34500.0,0.395637
34600.0,0.395895
34700.0,0.396156
34800.0,0.39642
34900.0,0.396686
35000.0,0.396955
35100.0,0.397227
35200.0,0.397501
35300.0,0.397778
35400.0,0.398057
35500.0,0.398338
35600.0,0.398622
35700.0,0.398907
35800.0,0.399195
35900.0,0.399484
36000.0,0.399776
36100.0,0.400069
36200.0,0.400363
36300.0,0.400659
36400.0,0.400957
36500.0,0.401256
36600.0,0.401556
36700.0,0.401858
36800.0,0.40216
36900.0,0.402464
37000.0,0.402768
37100.0,0.403074
37200.0,0.40338
37300.0,0.403687
37400.0,0.403994
37500.0,0.404302
37600.0,0.404611
37700.0,0.40492
37800.0,0.40523
37900.0,0.405539
38000.0,0.405849
38100.0,0.406159
38200.0,0.406469
38300.0,0.406779
38400.0,0.407089
38500.0,0.407399
38600.0,0.407709
38700.0,0.408018
38800.0,0.408327
38900.0,0.408635
39000.0,0.408943
39100.0,0.40925
39200.0,0.409556
39300.0,0.409862
39400.0,0.410166
39500.0,0.41047
39600.0,0.410773
39700.0,0.411074
39800.0,0.411374
39900.0,0.411673
40000.0,0.41197
40100.0,0.412266
40200.0,0.41256
40300.0,0.412853
40400.0,0.413144
40500.0,0.413433
40600.0,0.413721
40700.0,0.414007
40800.0,0.414291
40900.0,0.414573
41000.0,0.414853
41100.0,0.415131
41200.0,0.415407
41300.0,0.415681
41400.0,0.415953
41500.0,0.416222
41600.0,0.416489
41700.0,0.416753
41800.0,0.417016
41900.0,0.417275
42000.0,0.417532
42100.0,0.417786
42200.0,0.418037
42300.0,0.418285
42400.0,0.418531
42500.0,0.418773
42600.0,0.419013
42700.0,0.419249
42800.0,0.419483
42900.0,0.419713
43000.0,0.41994
43100.0,0.420164
43200.0,0.420384
43300.0,0.420601
43400.0,0.420815
43500.0,0.421026
43600.0,0.421233
43700.0,0.421436
43800.0,0.421636
43900.0,0.421833
44000.0,0.422025
44100.0,0.422215
44200.0,0.4224
44300.0,0.422582
44400.0,0.422761
44500.0,0.422935
44600.0,0.423106
44700.0,0.423272
44800.0,0.423435
44900.0,0.423594
45000.0,0.423749
45100.0,0.4239
45200.0,0.424047
45300.0,0.42419
45400.0,0.424328
45500.0,0.424463
45600.0,0.424593
45700.0,0.42472
45800.0,0.424842
45900.0,0.424959
46000.0,0.425073
46100.0,0.425182
46200.0,0.425287
46300.0,0.425388
46400.0,0.425484
46500.0,0.425576
46600.0,0.425664
46700.0,0.425747
46800.0,0.425827
46900.0,0.425901
47000.0,0.425972
47100.0,0.426038
47200.0,0.4261
47300.0,0.426158
47400.0,0.426212
47500.0,0.426261
47600.0,0.426305
47700.0,0.426345
47800.0,0.426381
47900.0,0.426413
48000.0,0.42644
48100.0,0.426462
48200.0,0.42648
48300.0,0.426493
48400.0,0.426503
48500.0,0.426507
48600.0,0.426507
48700.0,0.426503
48800.0,0.426495
48900.0,0.426482
49000.0,0.426465
49100.0,0.426443
49200.0,0.426417
49300.0,0.426387
49400.0,0.426353
49500.0,0.426314
49600.0,0.426272
49700.0,0.426225
49800.0,0.426173
49900.0,0.426118
50000.0,0.426058
50100.0,0.425995
50200.0,0.425927
50300.0,0.425855
50400.0,0.425779
50500.0,0.425699
50600.0,0.425615
50700.0,0.425527
50800.0,0.425435
50900.0,0.425339
51000.0,0.425238
51100.0,0.425135
51200.0,0.425027
51300.0,0.424915
51400.0,0.424799
51500.0,0.42468
51600.0,0.424557
51700.0,0.42443
51800.0,0.4243
51900.0,0.424165
52000.0,0.424028
52100.0,0.423886
52200.0,0.423741
52300.0,0.423593
52400.0,0.423441
52500.0,0.423286
52600.0,0.423128
52700.0,0.422966
52800.0,0.422801
52900.0,0.422632
53000.0,0.422461
53100.0,0.422286
53200.0,0.422109
53300.0,0.421928
53400.0,0.421744
53500.0,0.421557
53600.0,0.421368
53700.0,0.421175
53800.0,0.420979
53900.0,0.420781
54000.0,0.42058
54100.0,0.420376
54200.0,0.42017
54300.0,0.41996
54400.0,0.419749
54500.0,0.419534
54600.0,0.419317
54700.0,0.419098
54800.0,0.418877
54900.0,0.418653
55000.0,0.418427
55100.0,0.418199
55200.0,0.417968
55300.0,0.417736
55400.0,0.417501
55500.0,0.417265
55600.0,0.417027
55700.0,0.416787
55800.0,0.416545
55900.0,0.416301
56000.0,0.416056
56100.0,0.415809
56200.0,0.41556
56300.0,0.41531
56400.0,0.415059
56500.0,0.414805
56600.0,0.414551
56700.0,0.414295
56800.0,0.414038
56900.0,0.41378
57000.0,0.41352
57100.0,0.41326
57200.0,0.412998
57300.0,0.412735
57400.0,0.412471
57500.0,0.412207
57600.0,0.411941
57700.0,0.411675
57800.0,0.411409
57900.0,0.411141
58000.0,0.410873
58100.0,0.410605
58200.0,0.410336
58300.0,0.410067
58400.0,0.409797
58500.0,0.409528
58600.0,0.409258
58700.0,0.408988
58800.0,0.408718
58900.0,0.408448
59000.0,0.408178
59100.0,0.407908
59200.0,0.407638
59300.0,0.407368
59400.0,0.407099
59500.0,0.40683
59600.0,0.406561
59700.0,0.406293
59800.0,0.406025
59900.0,0.405758
60000.0,0.405491
60100.0,0.405225
60200.0,0.404959
60300.0,0.404694
60400.0,0.404431
60500.0,0.404168
60600.0,0.403905
60700.0,0.403644
60800.0,0.403384
60900.0,0.403125
61000.0,0.402868
61100.0,0.402611
61200.0,0.402356
61300.0,0.402102
61400.0,0.40185
61500.0,0.401599
61600.0,0.401349
61700.0,0.401101
61800.0,0.400855
61900.0,0.400611
62000.0,0.400368
62100.0,0.400127
62200.0,0.399887
62300.0,0.39965
62400.0,0.399415
62500.0,0.399181
62600.0,0.398949
62700.0,0.39872
62800.0,0.398493
62900.0,0.398267
63000.0,0.398044
63100.0,0.397823
63200.0,0.397604
63300.0,0.397388
63400.0,0.397174
63500.0,0.396962
63600.0,0.396753
63700.0,0.396546
63800.0,0.396342
63900.0,0.39614
64000.0,0.395941
64099.99999999999,0.395745
64200.0,0.395551
64300.0,0.395361
64400.00000000001,0.395173
64500.0,0.394988
64599.99999999999,0.394805
64700.0,0.394626
64800.0,0.39445
64900.00000000001,0.394276
65000.0,0.394106
65099.99999999999,0.393939
65200.0,0.393775
65300.0,0.393614
65400.00000000001,0.393456
65500.0,0.393301
65600.0,0.393149
65700.0,0.393001
65800.0,0.392856
65900.0,0.392714
66000.0,0.392575
66100.0,0.39244
66200.0,0.392307
66300.0,0.392179
66400.0,0.392053
66500.0,0.391932
66600.0,0.391813
66700.0,0.391698
66800.0,0.391586
66900.0,0.391478
67000.0,0.391374
67100.0,0.391273
67200.0,0.391175
67300.0,0.391081
67400.0,0.390991
67500.0,0.390904
67600.0,0.390821
67700.0,0.390742
67800.0,0.390666
67900.0,0.390594
68000.0,0.390526
68100.0,0.390461
68200.0,0.3904
68300.0,0.390343
68400.0,0.39029
68500.0,0.39024
68600.0,0.390194
68700.0,0.390151
68800.0,0.390112
68900.0,0.390077
69000.0,0.390046
69100.0,0.390018
69200.0,0.389994
69300.0,0.389973
69400.0,0.389956
69500.0,0.389943
69600.0,0.389933
69700.0,0.389928
69800.0,0.389925
69900.0,0.389927
70000.0,0.389932
70100.0,0.389941
70200.0,0.389954
70300.0,0.38997
70400.0,0.38999
70500.0,0.390014
70600.0,0.390041
70700.0,0.390072
70800.0,0.390106
70900.0,0.390144
71000.0,0.390186
71100.0,0.390231
71200.0,0.390279
71300.0,0.390331
71400.0,0.390387
71500.0,0.390446
71600.0,0.390508
71700.0,0.390574
71800.0,0.390643
71900.0,0.390716
72000.0,0.390792
72100.0,0.390871
72200.0,0.390954
72300.0,0.39104
72400.0,0.391129
72500.0,0.391221
72600.0,0.391316
72700.0,0.391415
72800.0,0.391517
72900.0,0.391622
73000.0,0.39173
73100.0,0.391841
73200.0,0.391955
73300.0,0.392072
73400.0,0.392192
73500.0,0.392315
73600.0,0.392441
73700.0,0.39257
73800.0,0.392702
73900.0,0.392836
74000.0,0.392974
74100.0,0.393114
74200.0,0.393257
74300.0,0.393403
74400.0,0.393551
74500.0,0.393702
74600.0,0.393855
74700.0,0.394011
74800.0,0.39417
74900.0,0.394331
75000.0,0.394494
75100.0,0.39466
75200.0,0.394828
75300.0,0.394998
75400.0,0.39517
75500.0,0.395345
75600.0,0.395522
75700.0,0.395701
75800.0,0.395882
75900.0,0.396066
76000.0,0.396251
76100.0,0.396439
76200.0,0.396628
76300.0,0.39682
76400.0,0.397013
76500.0,0.397208
76600.0,0.397405
76700.0,0.397604
76800.0,0.397805
76900.0,0.398007
77000.0,0.398211
77100.0,0.398416
77200.0,0.398623
77300.0,0.398832
77400.0,0.399042
77500.0,0.399254
77600.0,0.399466
77700.0,0.399681
77800.0,0.399896
77900.0,0.400113
78000.0,0.400331
78100.0,0.40055
78200.0,0.40077
78300.0,0.400992
78400.0,0.401214
78500.0,0.401437
78600.0,0.401662
78700.0,0.401887
78800.0,0.402113
78900.0,0.40234
79000.0,0.402568
79100.0,0.402797
79200.0,0.403026
79300.0,0.403256
79400.0,0.403487
79500.0,0.403718
79600.0,0.40395
79700.0,0.404182
79800.0,0.404415
79900.0,0.404648
80000.0,0.404882
80100.0,0.405116
80200.0,0.40535
80300.0,0.405585
80400.0,0.40582
80500.0,0.406054
80600.0,0.406289
80700.0,0.406524
80800.0,0.406759
80900.0,0.406994
81000.0,0.407229
81100.0,0.407464
81200.0,0.407698
81300.0,0.407933
81400.0,0.408167
81500.0,0.4084
81600.0,0.408634
81700.0,0.408867
81800.0,0.409099
81900.0,0.409331
82000.0,0.409563
82100.0,0.409794
82200.0,0.410024
82300.0,0.410254
82400.0,0.410483
82500.0,0.410712
82600.0,0.41094
82700.0,0.411167
82800.0,0.411393
82900.0,0.411618
83000.0,0.411843
83100.0,0.412066
83200.0,0.412288
83300.0,0.41251
83400.0,0.41273
83500.0,0.412949
83600.0,0.413167
83700.0,0.413384
83800.0,0.413599
83900.0,0.413813
84000.0,0.414026
84100.0,0.414237
84200.0,0.414447
84300.0,0.414655
84400.0,0.414862
84500.0,0.415067
84600.0,0.415271
84700.0,0.415473
84800.0,0.415673
84900.0,0.415872
85000.0,0.416068
85100.0,0.416263
85200.0,0.416457
85300.0,0.416648
85400.0,0.416838
85500.0,0.417025
85600.0,0.417211
85700.0,0.417395
85800.0,0.417577
85900.0,0.417756
86000.0,0.417934
86100.0,0.418109
86200.0,0.418282
86300.0,0.418454
86400.0,0.418622
86500.0,0.418789
86600.0,0.418953
86700.0,0.419115
86800.0,0.419274
86900.0,0.419431
87000.0,0.419586
87100.0,0.419738
87200.0,0.419887
87300.0,0.420034
87400.0,0.420179
87500.0,0.42032
87600.0,0.42046
87700.0,0.420596
87800.0,0.42073
87900.0,0.420861
88000.0,0.420989
88100.0,0.421115
88200.0,0.421237
88300.0,0.421357
88400.0,0.421474
88500.0,0.421588
88600.0,0.4217
88700.0,0.421808
88800.0,0.421914
88900.0,0.422016
89000.0,0.422116
89100.0,0.422213
89200.0,0.422306
89300.0,0.422397
89400.0,0.422485
89500.0,0.422569
89600.0,0.422651
89700.0,0.422729
89800.0,0.422804
89900.0,0.422876
90000.0,0.422944
90100.0,0.423009
90200.0,0.423071
90300.0,0.42313
90400.0,0.423185
90500.0,0.423237
90600.0,0.423286
90700.0,0.423331
90800.0,0.423373
90900.0,0.423412
91000.0,0.423447
91100.0,0.423479
91200.0,0.423508
91300.0,0.423533
91400.0,0.423555
91500.0,0.423574
91600.0,0.423589
91700.0,0.423601
91800.0,0.423609
91900.0,0.423614
92000.0,0.423616
92100.0,0.423614
92200.0,0.423608
92300.0,0.423599
92400.0,0.423586
92500.0,0.42357
92600.0,0.423551
92700.0,0.423528
92800.0,0.423501
92900.0,0.423471
93000.0,0.423437
93100.0,0.4234
93200.0,0.423359
93300.0,0.423315
93400.0,0.423267
93500.0,0.423216
93600.0,0.423161
93700.0,0.423103
93800.0,0.423041
93900.0,0.422976
94000.0,0.422907
94100.0,0.422835
94200.0,0.422759
94300.0,0.42268
94400.0,0.422597
94500.0,0.422511
94600.0,0.422422
94700.0,0.422329
94800.0,0.422232
94900.0,0.422132
95000.0,0.422029
95100.0,0.421923
95200.0,0.421813
95300.0,0.4217
95400.0,0.421583
95500.0,0.421464
95600.0,0.42134
95700.0,0.421214
95800.0,0.421084
95900.0,0.420951
96000.0,0.420814
96100.0,0.420675
96200.0,0.420532
96300.0,0.420385
96400.0,0.420236
96500.0,0.420083
96600.0,0.419928
96700.0,0.419769
96800.0,0.419607
96900.0,0.419442
97000.0,0.419275
97100.0,0.419104
97200.0,0.418931
97300.0,0.418754
97400.0,0.418575
97500.0,0.418393
97600.0,0.418208
97700.0,0.418021
97800.0,0.41783
97900.0,0.417637
98000.0,0.417442
98100.0,0.417243
98200.0,0.417042
98300.0,0.416839
98400.0,0.416633
98500.0,0.416424
98600.0,0.416213
98700.0,0.416
98800.0,0.415784
98900.0,0.415566
99000.0,0.415346
99100.0,0.415123
99200.0,0.414898
99300.0,0.414671
99400.0,0.414442
99500.0,0.414211
99600.0,0.413978
99700.0,0.413743
99800.0,0.413506
99900.0,0.413267
100000.0,0.413027
100100.0,0.412784
100200.0,0.41254
100300.0,0.412295
100400.0,0.412048
100500.0,0.411799
100600.0,0.41155
100700.0,0.411298
100800.0,0.411046
100900.0,0.410792
101000.0,0.410536
101100.0,0.41028
101200.0,0.410023
101300.0,0.409764
101400.0,0.409505
101500.0,0.409245
101600.0,0.408983
101700.0,0.408721
101800.0,0.408458
101900.0,0.408195
102000.0,0.40793
102100.0,0.407666
102200.0,0.4074
102300.0,0.407134
102400.0,0.406868
102500.0,0.406602
102600.0,0.406335
102700.0,0.406068
102800.0,0.405801
102900.0,0.405534
103000.0,0.405267
103100.0,0.405
103200.0,0.404734
103300.0,0.404467
103400.0,0.404202
103500.0,0.403936
103600.0,0.403671
103700.0,0.403406
103800.0,0.403142
103900.0,0.402879
104000.0,0.402617
104100.0,0.402355
104200.0,0.402094
104300.0,0.401834
104400.0,0.401575
104500.0,0.401317
104600.0,0.40106
104700.0,0.400804
104800.0,0.40055
104900.0,0.400297
105000.0,0.400045
105100.0,0.399795
105200.0,0.399546
105300.0,0.399299
105400.0,0.399054
105500.0,0.398811
105600.0,0.398569
105700.0,0.398329
105800.0,0.398092
105900.0,0.397856
106000.0,0.397622
106100.0,0.397391
106200.0,0.397162
106300.0,0.396936
106400.0,0.396711
106500.0,0.396489
106600.0,0.39627
106700.0,0.396054
106800.0,0.39584
106900.0,0.395628
107000.0,0.39542
107100.0,0.395214
107200.0,0.395011
107300.0,0.394811
107400.0,0.394614
107500.0,0.394421
107600.0,0.39423
107700.0,0.394042
107800.0,0.393858
107900.0,0.393677
108000.0,0.3935
108100.0,0.393326
108200.0,0.393155
108300.0,0.392988
108400.0,0.392825
108500.0,0.392665
108600.0,0.392509
108700.0,0.392357
108800.0,0.392208
108900.0,0.392064
109000.0,0.391923
109100.0,0.391787
109200.0,0.391654
109300.0,0.391526
109400.0,0.391402
109500.0,0.391281
109600.0,0.391166
109700.0,0.391054
109800.0,0.390947
109900.0,0.390844
110000.0,0.390745
110100.0,0.39065
110200.0,0.39056
110300.0,0.390475
110400.0,0.390394
110500.0,0.390317
110600.0,0.390245
110700.0,0.390177
110800.0,0.390114
110900.0,0.390056
111000.0,0.390002
111100.0,0.389953
111200.0,0.389908
111300.0,0.389868
111400.0,0.389833
111500.0,0.389803
111600.0,0.389777
111700.0,0.389756
111800.0,0.38974
111900.0,0.389729
112000.0,0.389723
112100.0,0.389722
112200.0,0.389725
112300.0,0.389734
112400.0,0.389747
112500.0,0.389765
112600.0,0.389788
112700.0,0.389816
112800.0,0.389849
112900.0,0.389886
113000.0,0.389928
113100.0,0.389975
113200.0,0.390027
113300.0,0.390083
113400.0,0.390144
113500.0,0.39021
113600.0,0.390281
113700.0,0.390356
113800.0,0.390436
113900.0,0.39052
114000.0,0.390609
114100.0,0.390703
114200.0,0.390802
114300.0,0.390905
114400.0,0.391012
114500.0,0.391124
114600.0,0.391241
114700.0,0.391362
114800.0,0.391488
114900.0,0.391618
115000.0,0.391752
115100.0,0.391891
115200.0,0.392035
115300.0,0.392182
115400.0,0.392334
115500.0,0.39249
115600.0,0.39265
115700.0,0.392814
115800.0,0.392982
115900.0,0.393154
116000.0,0.39333
116100.0,0.39351
116200.0,0.393693
116300.0,0.39388
116400.0,0.394071
116500.0,0.394266
116600.0,0.394464
116700.0,0.394665
116800.0,0.39487
116900.0,0.395079
117000.0,0.395291
117100.0,0.395506
117200.0,0.395724
117300.0,0.395945
117400.0,0.39617
117500.0,0.396397
117600.0,0.396628
117700.0,0.396861
117800.0,0.397097
117900.0,0.397336
118000.0,0.397578
118100.0,0.397823
118200.0,0.39807
118300.0,0.39832
118400.0,0.398572
118500.0,0.398826
118600.0,0.399083
118700.0,0.399341
118800.0,0.399602
118900.0,0.399865
119000.0,0.40013
119100.0,0.400396
119200.0,0.400664
119300.0,0.400934
119400.0,0.401205
119500.0,0.401478
119600.0,0.401752
119700.0,0.402027
119800.0,0.402304
119900.0,0.402582
120000.0,0.402861
120100.0,0.403141
120200.0,0.403422
120300.0,0.403704
120400.0,0.403987
120500.0,0.404271
120600.0,0.404555
120700.0,0.40484
120800.0,0.405126
120900.0,0.405412
121000.0,0.405698
121100.0,0.405984
121200.0,0.406271
121300.0,0.406557
121400.0,0.406844
121500.0,0.40713
121600.0,0.407417
121700.0,0.407702
121800.0,0.407988
121900.0,0.408273
122000.0,0.408558
122100.0,0.408842
122200.0,0.409125
122300.0,0.409407
122400.0,0.409689
122500.0,0.409969
122600.0,0.410249
122700.0,0.410527
122800.0,0.410804
122900.0,0.41108
123000.0,0.411355
123100.0,0.411628
123200.0,0.4119
123300.0,0.41217
123400.0,0.412439
123500.0,0.412706
123600.0,0.412971
123700.0,0.413235
123800.0,0.413497
123900.0,0.413756
124000.0,0.414014
124100.0,0.41427
124200.0,0.414523
124300.0,0.414774
124400.0,0.415023
124500.0,0.41527
124600.0,0.415514
124700.0,0.415755
124800.0,0.415994
124900.0,0.41623
125000.0,0.416464
125100.0,0.416694
125200.0,0.416922
125300.0,0.417146
125400.0,0.417368
125500.0,0.417586
125600.0,0.417802
125700.0,0.418014
125800.0,0.418223
125900.0,0.418429
126000.0,0.418631
126100.0,0.418831
126200.0,0.419027
126300.0,0.419219
126400.0,0.419408
126500.0,0.419594
126600.0,0.419776
126700.0,0.419954
126800.0,0.420129
126900.0,0.4203
127000.0,0.420467
127100.0,0.420631
127200.0,0.42079
127300.0,0.420946
127400.0,0.421098
127500.0,0.421245
127600.0,0.421389
127700.0,0.421528
127800.0,0.421664
127900.0,0.421795
128000.0,0.421922
128100.0,0.422045
128199.99999999999,0.422163
128300.00000000001,0.422277
128400.0,0.422387
128500.0,0.422493
128600.0,0.422594
128699.99999999999,0.422691
128800.00000000001,0.422784
128900.0,0.422872
129000.0,0.422956
129100.0,0.423035
129199.99999999999,0.42311
129300.00000000001,0.423181
129400.0,0.423247
129500.0,0.423308
129600.0,0.423365
129699.99999999999,0.423418
129800.00000000001,0.423466
129900.0,0.423509
130000.0,0.423548
130100.0,0.423582
130199.99999999999,0.423612
130300.00000000001,0.423637
130400.0,0.423658
130500.0,0.423674
130600.0,0.423685
130699.99999999999,0.423691
130800.00000000001,0.423693
130900.0,0.423691
131000.0,0.423683
131100.0,0.423671
131200.0,0.423655
131300.0,0.423633
131400.0,0.423608
131500.0,0.423577
131600.0,0.423542
131700.0,0.423502
131800.0,0.423458
131900.0,0.42341
132000.0,0.423356
132100.0,0.423299
132200.0,0.423237
132300.0,0.423171
132400.0,0.4231
132500.0,0.423025
132600.0,0.422945
132700.0,0.422861
132800.0,0.422773
132900.0,0.42268
133000.0,0.422583
133100.0,0.422482
133200.0,0.422377
133300.0,0.422267
133400.0,0.422153
133500.0,0.422035
133600.0,0.421913
133700.0,0.421787
133800.0,0.421657
133900.0,0.421522
134000.0,0.421384
134100.0,0.421241
134200.0,0.421095
134300.0,0.420945
134400.0,0.420791
134500.0,0.420633
134600.0,0.420472
134700.0,0.420306
134800.0,0.420138
134900.0,0.419965
135000.0,0.41979
135100.0,0.419611
135200.0,0.419428
135300.0,0.419242
135400.0,0.419053
135500.0,0.418861
135600.0,0.418665
135700.0,0.418467
135800.0,0.418265
135900.0,0.41806
136000.0,0.417852
136100.0,0.417641
136200.0,0.417428
136300.0,0.417211
136400.0,0.416992
136500.0,0.41677
136600.0,0.416546
136700.0,0.416318
136800.0,0.416089
136900.0,0.415857
137000.0,0.415622
137100.0,0.415385
137200.0,0.415146
137300.0,0.414905
137400.0,0.414662
137500.0,0.414416
137600.0,0.414169
137700.0,0.41392
137800.0,0.413669
137900.0,0.413417
138000.0,0.413162
138100.0,0.412907
138200.0,0.41265
138300.0,0.412391
138400.0,0.412132
138500.0,0.411871
138600.0,0.411608
138700.0,0.411345
138800.0,0.411081
138900.0,0.410815
139000.0,0.410549
139100.0,0.410282
139200.0,0.410014
139300.0,0.409745
139400.0,0.409475
139500.0,0.409206
139600.0,0.408935
139700.0,0.408664
139800.0,0.408393
139900.0,0.408122
140000.0,0.40785
140100.0,0.407579
140200.0,0.407307
140300.0,0.407035
140400.0,0.406764
140500.0,0.406493
140600.0,0.406222
140700.0,0.405952
140800.0,0.405682
140900.0,0.405413
141000.0,0.405144
141100.0,0.404877
141200.0,0.40461
141300.0,0.404344
141400.0,0.404079
141500.0,0.403815
141600.0,0.403553
141700.0,0.403291
141800.0,0.403031
141900.0,0.402772
142000.0,0.402514
142100.0,0.402257
142200.0,0.402002
142300.0,0.401749
142400.0,0.401497
142500.0,0.401247
142600.0,0.400999
142700.0,0.400753
142800.0,0.400509
142900.0,0.400266
143000.0,0.400026
143100.0,0.399788
143200.0,0.399552
143300.0,0.399319
143400.0,0.399088
143500.0,0.398859
143600.0,0.398633
143700.0,0.39841
143800.0,0.398189
143900.0,0.397971
144000.0,0.397756
144100.0,0.397544
144200.0,0.397334
144300.0,0.397128
144400.0,0.396925
144500.0,0.396724
144600.0,0.396527
144700.0,0.396333
144800.0,0.396142
144900.0,0.395955
145000.0,0.395771
145100.0,0.39559
145200.0,0.395412
145300.0,0.395238
145400.0,0.395068
145500.0,0.394901
145600.0,0.394738
145700.0,0.394578
145800.0,0.394422
145900.0,0.39427
146000.0,0.394122
146100.0,0.393978
146200.0,0.393837
146300.0,0.393701
146400.0,0.393568
146500.0,0.39344
146600.0,0.393315
146700.0,0.393195
146800.0,0.393079
146900.0,0.392967
147000.0,0.392859
147100.0,0.392756
147200.0,0.392657
147300.0,0.392562
147400.0,0.392472
147500.0,0.392385
147600.0,0.392304
147700.0,0.392226
147800.0,0.392153
147900.0,0.392084
148000.0,0.39202
148100.0,0.39196
148200.0,0.391904
148300.0,0.391853
148400.0,0.391806
148500.0,0.391763
148600.0,0.391726
148700.0,0.391692
148800.0,0.391663
148900.0,0.391639
149000.0,0.391619
149100.0,0.391604
149200.0,0.391593
149300.0,0.391587
149400.0,0.391585
149500.0,0.391588
149600.0,0.391596
149700.0,0.391608
149800.0,0.391624
149900.0,0.391645
150000.0,0.39167
150100.0,0.3917
150200.0,0.391734
150300.0,0.391773
150400.0,0.391815
150500.0,0.391863
150600.0,0.391914
150700.0,0.39197
150800.0,0.39203
150900.0,0.392094
151000.0,0.392163
151100.0,0.392236
151200.0,0.392313
151300.0,0.392393
151400.0,0.392478
151500.0,0.392568
151600.0,0.392661
151700.0,0.392758
151800.0,0.392859
151900.0,0.392964
152000.0,0.393073
152100.0,0.393185
152200.0,0.393302
152300.0,0.393422
152400.0,0.393546
152500.0,0.393674
152600.0,0.393806
152700.0,0.393941
152800.0,0.394079
152900.0,0.394221
153000.0,0.394366
153100.0,0.394515
153200.0,0.394668
153300.0,0.394823
153400.0,0.394982
153500.0,0.395143
153600.0,0.395308
153700.0,0.395476
153800.0,0.395647
153900.0,0.395821
154000.0,0.395997
154100.0,0.396176
154200.0,0.396358
154300.0,0.396542
154400.0,0.396729
154500.0,0.396918
154600.0,0.39711
154700.0,0.397305
154800.0,0.397501
154900.0,0.3977
155000.0,0.397901
155100.0,0.398105
155200.0,0.39831
155300.0,0.398518
155400.0,0.398728
155500.0,0.398939
155600.0,0.399152
155700.0,0.399367
155800.0,0.399584
155900.0,0.399803
156000.0,0.400023
156100.0,0.400244
156200.0,0.400467
156300.0,0.400691
156400.0,0.400916
156500.0,0.401142
156600.0,0.40137
156700.0,0.401599
156800.0,0.401828
156900.0,0.402059
157000.0,0.40229
157100.0,0.402522
157200.0,0.402755
157300.0,0.402989
157400.0,0.403223
157500.0,0.403458
157600.0,0.403693
157700.0,0.403928
157800.0,0.404164
157900.0,0.4044
158000.0,0.404636
158100.0,0.404873
158200.0,0.405109
158300.0,0.405346
158400.0,0.405582
158500.0,0.405819
158600.0,0.406055
158700.0,0.406291
158800.0,0.406526
158900.0,0.406762
159000.0,0.406997
159100.0,0.407231
159200.0,0.407465
159300.0,0.407698
159400.0,0.407931
159500.0,0.408163
159600.0,0.408394
159700.0,0.408624
159800.0,0.408854
159900.0,0.409082
160000.0,0.409309
160100.0,0.409536
160200.0,0.409761
160300.0,0.409985
160400.0,0.410208
160500.0,0.410429
160600.0,0.41065
160700.0,0.410868
160800.0,0.411086
160900.0,0.411302
161000.0,0.411517
161100.0,0.41173
161200.0,0.411942
161300.0,0.412152
161400.0,0.41236
161500.0,0.412567
161600.0,0.412772
161700.0,0.412975
161800.0,0.413177
161900.0,0.413376
162000.0,0.413573
162100.0,0.413769
162200.0,0.413962
162300.0,0.414154
162400.0,0.414343
162500.0,0.41453
162600.0,0.414715
162700.0,0.414898
162800.0,0.415079
162900.0,0.415257
163000.0,0.415433
163100.0,0.415607
163200.0,0.415778
163300.0,0.415947
163400.0,0.416113
163500.0,0.416278
163600.0,0.416439
163700.0,0.416599
163800.0,0.416755
163900.0,0.41691
164000.0,0.417061
164100.0,0.417211
164200.0,0.417357
164300.0,0.417501
164400.0,0.417643
164500.0,0.417781
164600.0,0.417918
164700.0,0.418051
164800.0,0.418181
164900.0,0.418309
165000.0,0.418434
165100.0,0.418556
165200.0,0.418676
165300.0,0.418792
165400.0,0.418906
165500.0,0.419016
165600.0,0.419124
165700.0,0.419229
165800.0,0.419331
165900.0,0.41943
166000.0,0.419526
166100.0,0.419619
166200.0,0.41971
166300.0,0.419797
166400.0,0.419881
166500.0,0.419963
166600.0,0.420041
166700.0,0.420116
166800.0,0.420189
166900.0,0.420258
167000.0,0.420325
167100.0,0.420388
167200.0,0.420448
167300.0,0.420506
167400.0,0.42056
167500.0,0.420611
167600.0,0.42066
167700.0,0.420705
167800.0,0.420747
167900.0,0.420786
168000.0,0.420822
168100.0,0.420855
168200.0,0.420885
168300.0,0.420911
168400.0,0.420935
168500.0,0.420956
168600.0,0.420973
168700.0,0.420987
168800.0,0.420999
168900.0,0.421007
169000.0,0.421012
169100.0,0.421015
169200.0,0.421014
169300.0,0.42101
169400.0,0.421003
169500.0,0.420993
169600.0,0.42098
169700.0,0.420964
169800.0,0.420945
169900.0,0.420923
170000.0,0.420898
170100.0,0.420871
170200.0,0.42084
170300.0,0.420807
170400.0,0.42077
170500.0,0.420731
170600.0,0.420688
170700.0,0.420643
170800.0,0.420595
170900.0,0.420544
171000.0,0.42049
171100.0,0.420433
171200.0,0.420373
171300.0,0.42031
171400.0,0.420245
171500.0,0.420177
171600.0,0.420105
171700.0,0.420032
171800.0,0.419955
171900.0,0.419876
172000.0,0.419794
172100.0,0.419709
172200.0,0.419622
172300.0,0.419532
172400.0,0.419439
172500.0,0.419344
172600.0,0.419246
172700.0,0.419146
172800.0,0.419043
172900.0,0.418938
173000.0,0.41883
173100.0,0.41872
173200.0,0.418607
173300.0,0.418492
173400.0,0.418375
173500.0,0.418255
173600.0,0.418133
173700.0,0.418008
173800.0,0.417881
173900.0,0.417752
174000.0,0.417621
174100.0,0.417487
174200.0,0.417352
174300.0,0.417214
174400.0,0.417074
174500.0,0.416932
174600.0,0.416787
174700.0,0.416641
174800.0,0.416493
174900.0,0.416343
175000.0,0.416191
175100.0,0.416036
175200.0,0.41588
175300.0,0.415723
175400.0,0.415563
175500.0,0.415401
175600.0,0.415238
175700.0,0.415073
175800.0,0.414907
175900.0,0.414739
176000.0,0.414569
176100.0,0.414398
176200.0,0.414225
176300.0,0.414051
176400.0,0.413875
176500.0,0.413698
176600.0,0.41352
176700.0,0.41334
176800.0,0.413159
176900.0,0.412976
177000.0,0.412792
177100.0,0.412607
177200.0,0.412421
177300.0,0.412234
177400.0,0.412045
177500.0,0.411855
177600.0,0.411664
177700.0,0.411473
177800.0,0.41128
177900.0,0.411086
178000.0,0.410892
178100.0,0.410697
178200.0,0.410501
178300.0,0.410304
178400.0,0.410106
178500.0,0.409908
178600.0,0.409709
178700.0,0.40951
178800.0,0.40931
178900.0,0.409109
179000.0,0.408908
179100.0,0.408707
179200.0,0.408505
179300.0,0.408302
179400.0,0.408099
179500.0,0.407896
179600.0,0.407693
179700.0,0.407489
179800.0,0.407285
179900.0,0.407081
180000.0,0.406877
180100.0,0.406673
180200.0,0.406468
180300.0,0.406264
180400.0,0.40606
180500.0,0.405855
180600.0,0.405651
180700.0,0.405447
180800.0,0.405243
180900.0,0.405039
181000.0,0.404836
181100.0,0.404632
181200.0,0.404429
181300.0,0.404227
181400.0,0.404024
181500.0,0.403822
181600.0,0.403621
181700.0,0.40342
181800.0,0.40322
181900.0,0.40302
182000.0,0.402821
182100.0,0.402622
182200.0,0.402424
182300.0,0.402227
182400.0,0.402031
182500.0,0.401836
182600.0,0.401641
182700.0,0.401447
182800.0,0.401254
182900.0,0.401062
183000.0,0.400871
183100.0,0.400681
183200.0,0.400492
183300.0,0.400304
183400.0,0.400117
183500.0,0.399931
183600.0,0.399747
183700.0,0.399563
183800.0,0.399381
183900.0,0.3992
184000.0,0.399021
184100.0,0.398843
184200.0,0.398666
184300.0,0.398491
184400.0,0.398317
184500.0,0.398144
184600.0,0.397974
184700.0,0.397805
184800.0,0.397637
184900.0,0.397471
185000.0,0.397307
185100.0,0.397144
185200.0,0.396984
185300.0,0.396825
185400.0,0.396668
185500.0,0.396512
185600.0,0.396359
185700.0,0.396207
185800.0,0.396058
185900.0,0.39591
186000.0,0.395764
186100.0,0.395621
186200.0,0.395479
186300.0,0.39534
186400.0,0.395203
186500.0,0.395068
186600.0,0.394935
186700.0,0.394804
186800.0,0.394675
186900.0,0.394549
187000.0,0.394425
187100.0,0.394304
187200.0,0.394185
187300.0,0.394068
187400.0,0.393954
187500.0,0.393842
187600.0,0.393733
187700.0,0.393626
187800.0,0.393522
187900.0,0.39342
188000.0,0.393322
188100.0,0.393225
188200.0,0.393132
188300.0,0.393041
188400.0,0.392953
188500.0,0.392868
188600.0,0.392786
188700.0,0.392706
188800.0,0.392629
188900.0,0.392555
189000.0,0.392484
189100.0,0.392416
189200.0,0.392351
189300.0,0.392288
189400.0,0.392229
189500.0,0.392172
189600.0,0.392119
189700.0,0.392068
189800.0,0.392021
189900.0,0.391976
190000.0,0.391935
190100.0,0.391897
190200.0,0.391862
190300.0,0.39183
190400.0,0.391801
190500.0,0.391776
190600.0,0.391753
190700.0,0.391734
190800.0,0.391718
190900.0,0.391706
191000.0,0.391696
191100.0,0.39169
191200.0,0.391687
191300.0,0.391688
191400.0,0.391692
191500.0,0.391699
191600.0,0.391709
191700.0,0.391723
191800.0,0.39174
191900.0,0.39176
192000.0,0.391784
192100.0,0.391811
192200.0,0.391842
192300.0,0.391875
192400.0,0.391912
192500.0,0.391953
192600.0,0.391997
192700.0,0.392044
192800.0,0.392094
192900.0,0.392148
193000.0,0.392205
193100.0,0.392266
193200.0,0.39233
193300.0,0.392397
193400.0,0.392468
193500.0,0.392542
193600.0,0.392619
193700.0,0.3927
193800.0,0.392784
193900.0,0.392872
194000.0,0.392963
194100.0,0.393057
194200.0,0.393155
194300.0,0.393255
194400.0,0.39336
194500.0,0.393467
194600.0,0.393578
194700.0,0.393692
194800.0,0.393809
194900.0,0.393929
195000.0,0.394053
195100.0,0.39418
195200.0,0.394309
195300.0,0.394442
195400.0,0.394579
195500.0,0.394718
195600.0,0.39486
195700.0,0.395006
195800.0,0.395154
195900.0,0.395305
196000.0,0.39546
196100.0,0.395617
196200.0,0.395777
196300.0,0.395941
196400.0,0.396107
196500.0,0.396276
196600.0,0.396448
196700.0,0.396622
196800.0,0.3968
196900.0,0.39698
197000.0,0.397163
197100.0,0.397349
197200.0,0.397537
197300.0,0.397728
197400.0,0.397922
197500.0,0.398118
197600.0,0.398317
197700.0,0.398518
197800.0,0.398722
197900.0,0.398928
198000.0,0.399136
198100.0,0.399346
198200.0,0.399559
198300.0,0.399774
198400.0,0.399991
198500.0,0.40021
198600.0,0.400431
198700.0,0.400655
198800.0,0.40088
198900.0,0.401107
199000.0,0.401336
199100.0,0.401568
199200.0,0.401801
199300.0,0.402035
199400.0,0.402272
199500.0,0.40251
199600.0,0.40275
199700.0,0.402992
199800.0,0.403235
199900.0,0.403479
200000.0,0.403725
200100.0,0.403972
200200.0,0.404221
200300.0,0.404471
200400.0,0.404722
200500.0,0.404975
200600.0,0.405228
200700.0,0.405483
200800.0,0.405738
200900.0,0.405995
201000.0,0.406252
201100.0,0.40651
201200.0,0.406769
201300.0,0.407029
201400.0,0.407289
201500.0,0.40755
201600.0,0.407811
201700.0,0.408073
201800.0,0.408335
201900.0,0.408598
202000.0,0.40886
202100.0,0.409124
202200.0,0.409387
202300.0,0.40965
202400.0,0.409914
202500.0,0.410177
202600.0,0.41044
202700.0,0.410704
202800.0,0.410967
202900.0,0.41123
203000.0,0.411493
203100.0,0.411756
203200.0,0.412018
203300.0,0.41228
203400.0,0.412541
203500.0,0.412802
203600.0,0.413062
203700.0,0.413321
203800.0,0.413579
203900.0,0.413837
204000.0,0.414094
204100.0,0.414349
204200.0,0.414604
204300.0,0.414857
204400.0,0.41511
204500.0,0.415361
204600.0,0.41561
204700.0,0.415859
204800.0,0.416106
204900.0,0.416351
205000.0,0.416595
205100.0,0.416837
205200.0,0.417078
205300.0,0.417317
205400.0,0.417555
205500.0,0.417791
205600.0,0.418024
205700.0,0.418256
205800.0,0.418486
205900.0,0.418714
206000.0,0.41894
206100.0,0.419164
206200.0,0.419386
206300.0,0.419605
206400.0,0.419822
206500.0,0.420037
206600.0,0.42025
206700.0,0.42046
206800.0,0.420667
206900.0,0.420872
207000.0,0.421074
207100.0,0.421273
207200.0,0.42147
207300.0,0.421664
207400.0,0.421855
207500.0,0.422043
207600.0,0.422228
207700.0,0.42241
207800.0,0.422589
207900.0,0.422764
208000.0,0.422937
208100.0,0.423107
208200.0,0.423273
208300.0,0.423436
208400.0,0.423595
208500.0,0.423752
208600.0,0.423905
208700.0,0.424054
208800.0,0.4242
208900.0,0.424343
209000.0,0.424482
209100.0,0.424617
209200.0,0.424749
209300.0,0.424878
209400.0,0.425002
209500.0,0.425123
209600.0,0.42524
209700.0,0.425353
209800.0,0.425462
209900.0,0.425567
210000.0,0.425668
210100.0,0.425765
210200.0,0.425858
210300.0,0.425947
210400.0,0.426032
210500.0,0.426112
210600.0,0.426189
210700.0,0.426261
210800.0,0.426329
210900.0,0.426393
211000.0,0.426453
211100.0,0.426508
211200.0,0.426559
211300.0,0.426606
211400.0,0.426649
211500.0,0.426687
211600.0,0.426721
211700.0,0.426751
211800.0,0.426776
211900.0,0.426797
212000.0,0.426813
212100.0,0.426825
212200.0,0.426833
212300.0,0.426836
212400.0,0.426834
212500.0,0.426828
212600.0,0.426818
212700.0,0.426803
212800.0,0.426783
212900.0,0.426759
213000.0,0.42673
213100.0,0.426696
213200.0,0.426658
213300.0,0.426616
213400.0,0.426568
213500.0,0.426517
213600.0,0.42646
213700.0,0.426399
213800.0,0.426334
213900.0,0.426264
214000.0,0.426189
214100.0,0.42611
214200.0,0.426026
214300.0,0.425938
214400.0,0.425846
214500.0,0.425749
214600.0,0.425647
214700.0,0.425541
214800.0,0.425431
214900.0,0.425316
215000.0,0.425197
215100.0,0.425073
215200.0,0.424945
215300.0,0.424812
215400.0,0.424675
215500.0,0.424534
215600.0,0.424388
215700.0,0.424238
215800.0,0.424084
215900.0,0.423925
216000.0,0.423762
216100.0,0.423595
216200.0,0.423424
216300.0,0.423248
216400.0,0.423068
216500.0,0.422884
216600.0,0.422696
216700.0,0.422504
216800.0,0.422308
216900.0,0.422108
217000.0,0.421904
217100.0,0.421696
217200.0,0.421484
217300.0,0.421269
217400.0,0.42105
217500.0,0.420827
217600.0,0.420601
217700.0,0.420371
217800.0,0.420137
217900.0,0.4199
218000.0,0.419659
218100.0,0.419415
218200.0,0.419168
218300.0,0.418917
218400.0,0.418663
218500.0,0.418406
218600.0,0.418145
218700.0,0.417881
218800.0,0.417614
218900.0,0.417344
219000.0,0.417071
219100.0,0.416795
219200.0,0.416516
219300.0,0.416234
219400.0,0.415949
219500.0,0.415661
219600.0,0.415371
219700.0,0.415079
219800.0,0.414784
219900.0,0.414486
220000.0,0.414186
220100.0,0.413884
220200.0,0.41358
220300.0,0.413274
220400.0,0.412966
220500.0,0.412656
220600.0,0.412344
220700.0,0.41203
220800.0,0.411714
220900.0,0.411397
221000.0,0.411078
221100.0,0.410757
221200.0,0.410435
221300.0,0.410111
221400.0,0.409786
221500.0,0.40946
221600.0,0.409133
221700.0,0.408804
221800.0,0.408475
221900.0,0.408144
222000.0,0.407813
222100.0,0.40748
222200.0,0.407147
222300.0,0.406814
222400.0,0.40648
222500.0,0.406145
222600.0,0.40581
222700.0,0.405475
222800.0,0.40514
222900.0,0.404804
223000.0,0.404469
223100.0,0.404134
223200.0,0.4038
223300.0,0.403465
223400.0,0.403131
223500.0,0.402798
223600.0,0.402465
223700.0,0.402133
223800.0,0.401802
223900.0,0.401471
224000.0,0.401142
224100.0,0.400813
224200.0,0.400486
224300.0,0.40016
224400.0,0.399835
224500.0,0.399511
224600.0,0.399189
224700.0,0.398869
224800.0,0.39855
224900.0,0.398233
225000.0,0.397918
225100.0,0.397604
225200.0,0.397293
225300.0,0.396984
225400.0,0.396677
225500.0,0.396372
225600.0,0.39607
225700.0,0.39577
225800.0,0.395473
225900.0,0.395178
226000.0,0.394887
226100.0,0.394598
226200.0,0.394313
226300.0,0.39403
226400.0,0.393751
226500.0,0.393475
226600.0,0.393203
226700.0,0.392934
226800.0,0.392668
226900.0,0.392406
227000.0,0.392148
227100.0,0.391893
227200.0,0.391642
227300.0,0.391395
227400.0,0.391152
227500.0,0.390913
227600.0,0.390677
227700.0,0.390446
227800.0,0.39022
227900.0,0.389997
228000.0,0.389779
228100.0,0.389565
228200.0,0.389356
228300.0,0.389152
228400.0,0.388952
228500.0,0.388757
228600.0,0.388566
228700.0,0.388381
228800.0,0.3882
228900.0,0.388025
229000.0,0.387854
229100.0,0.387689
229200.0,0.387529
229300.0,0.387374
229400.0,0.387225
229500.0,0.387081
229600.0,0.386942
229700.0,0.386809
229800.0,0.386681
229900.0,0.386559
230000.0,0.386442
230100.0,0.386331
230200.0,0.386225
230300.0,0.386125
230400.0,0.386031
230500.0,0.385942
230600.0,0.385859
230700.0,0.385781
230800.0,0.385709
230900.0,0.385643
231000.0,0.385583
231100.0,0.385528
231200.0,0.38548
231300.0,0.385437
231400.0,0.3854
231500.0,0.385368
231600.0,0.385343
231700.0,0.385324
231800.0,0.385311
231900.0,0.385303
232000.0,0.385302
232100.0,0.385307
232200.0,0.385318
232300.0,0.385334
232400.0,0.385357
232500.0,0.385386
232600.0,0.38542
232700.0,0.385461
232800.0,0.385507
232900.0,0.385559
233000.0,0.385617
233100.0,0.38568
233200.0,0.385749
233300.0,0.385824
233400.0,0.385905
233500.0,0.385991
233600.0,0.386082
233700.0,0.38618
233800.0,0.386283
233900.0,0.386391
234000.0,0.386505
234100.0,0.386624
234200.0,0.386749
234300.0,0.38688
234400.0,0.387015
234500.0,0.387156
234600.0,0.387303
234700.0,0.387454
234800.0,0.387611
234900.0,0.387773
235000.0,0.38794
235100.0,0.388113
235200.0,0.38829
235300.0,0.388472
235400.0,0.388659
235500.0,0.388851
235600.0,0.389048
235700.0,0.389249
235800.0,0.389455
235900.0,0.389665
236000.0,0.38988
236100.0,0.390099
236200.0,0.390322
236300.0,0.39055
236400.0,0.390781
236500.0,0.391017
236600.0,0.391256
236700.0,0.3915
236800.0,0.391747
236900.0,0.391998
237000.0,0.392253
237100.0,0.392511
237200.0,0.392773
237300.0,0.393039
237400.0,0.393307
237500.0,0.393579
237600.0,0.393855
237700.0,0.394133
237800.0,0.394415
237900.0,0.394699
238000.0,0.394987
238100.0,0.395277
238200.0,0.395571
238300.0,0.395866
238400.0,0.396165
238500.0,0.396466
238600.0,0.396769
238700.0,0.397074
238800.0,0.397381
238900.0,0.397691
239000.0,0.398002
239100.0,0.398315
239200.0,0.39863
239300.0,0.398947
239400.0,0.399264
239500.0,0.399584
239600.0,0.399905
239700.0,0.400227
239800.0,0.40055
239900.0,0.400874
240000.0,0.4012
240100.0,0.401526
240200.0,0.401854
240300.0,0.402182
240400.0,0.40251
240500.0,0.40284
240600.0,0.40317
240700.0,0.4035
240800.0,0.403831
240900.0,0.404162
241000.0,0.404493
241100.0,0.404824
241200.0,0.405155
241300.0,0.405486
241400.0,0.405817
241500.0,0.406147
241600.0,0.406477
241700.0,0.406806
241800.0,0.407135
241900.0,0.407463
242000.0,0.407791
242100.0,0.408117
242200.0,0.408442
242300.0,0.408766
242400.0,0.40909
242500.0,0.409412
242600.0,0.409732
242700.0,0.410051
242800.0,0.410369
242900.0,0.410686
243000.0,0.411
243100.0,0.411313
243200.0,0.411625
243300.0,0.411934
243400.0,0.412242
243500.0,0.412548
243600.0,0.412852
243700.0,0.413154
243800.0,0.413453
243900.0,0.413751
244000.0,0.414046
244100.0,0.414339
244200.0,0.414629
244300.0,0.414917
244400.0,0.415202
244500.0,0.415484
244600.0,0.415764
244700.0,0.416041
244800.0,0.416315
244900.0,0.416587
245000.0,0.416855
245100.0,0.41712
245200.0,0.417382
245300.0,0.41764
245400.0,0.417896
245500.0,0.418148
245600.0,0.418397
245700.0,0.418642
245800.0,0.418885
245900.0,0.419123
246000.0,0.419359
246100.0,0.41959
246200.0,0.419819
246300.0,0.420043
246400.0,0.420264
246500.0,0.420481
246600.0,0.420695
246700.0,0.420905
246800.0,0.421111
246900.0,0.421313
247000.0,0.421512
247100.0,0.421706
247200.0,0.421896
247300.0,0.422083
247400.0,0.422265
247500.0,0.422444
247600.0,0.422618
247700.0,0.422788
247800.0,0.422954
247900.0,0.423115
248000.0,0.423273
248100.0,0.423425
248200.0,0.423574
248300.0,0.423718
248400.0,0.423858
248500.0,0.423994
248600.0,0.424125
248700.0,0.424252
248800.0,0.424375
248900.0,0.424493
249000.0,0.424606
249100.0,0.424716
249200.0,0.424821
249300.0,0.424921
249400.0,0.425018
249500.0,0.425109
249600.0,0.425197
249700.0,0.425279
249800.0,0.425358
249900.0,0.425432
250000.0,0.425501
250100.0,0.425566
250200.0,0.425626
250300.0,0.425682
250400.0,0.425734
250500.0,0.425781
250600.0,0.425823
250700.0,0.425861
250800.0,0.425894
250900.0,0.425923
251000.0,0.425948
251100.0,0.425967
251200.0,0.425983
251300.0,0.425993
251400.0,0.426
251500.0,0.426002
251600.0,0.425999
251700.0,0.425992
251800.0,0.425981
251900.0,0.425965
252000.0,0.425945
252100.0,0.42592
252200.0,0.425892
252300.0,0.425859
252400.0,0.425821
252500.0,0.42578
252600.0,0.425734
252700.0,0.425684
252800.0,0.42563
252900.0,0.425572
253000.0,0.425509
253100.0,0.425443
253200.0,0.425372
253300.0,0.425298
253400.0,0.425219
253500.0,0.425136
253600.0,0.425049
253700.0,0.424958
253800.0,0.424864
253900.0,0.424765
254000.0,0.424662
254100.0,0.424556
254200.0,0.424445
254300.0,0.424331
254400.0,0.424213
254500.0,0.424091
254600.0,0.423966
254700.0,0.423837
254800.0,0.423704
254900.0,0.423568
255000.0,0.423428
255100.0,0.423286
255200.0,0.42314
255300.0,0.42299
255400.0,0.422837
255500.0,0.422681
255600.0,0.422522
255700.0,0.42236
255800.0,0.422194
255900.0,0.422026
256000.0,0.421854
256100.00000000003,0.421679
256200.0,0.421501
256300.0,0.42132
256399.99999999997,0.421137
256500.0,0.42095
256600.00000000003,0.420761
256700.0,0.420569
256800.0,0.420374
256899.99999999997,0.420176
257000.0,0.419976
257100.00000000003,0.419774
257200.0,0.419569
257300.0,0.419361
257399.99999999997,0.419152
257500.0,0.41894
257600.00000000003,0.418726
257700.0,0.418509
257800.0,0.418291
257899.99999999997,0.418071
258000.0,0.417848
258100.00000000003,0.417624
258200.0,0.417398
258300.0,0.41717
258399.99999999997,0.416941
258500.0,0.41671
258600.00000000003,0.416477
258700.0,0.416242
258800.0,0.416007
258899.99999999997,0.415769
259000.0,0.415531
259100.00000000003,0.415291
259200.0,0.415049
259300.0,0.414807
259399.99999999997,0.414563
259500.0,0.414319
259600.00000000003,0.414073
259700.0,0.413826
259800.0,0.413578
259899.99999999997,0.41333
260000.0,0.413081
260100.00000000003,0.412831
260200.0,0.41258
260300.0,0.412329
260399.99999999997,0.412077
260500.0,0.411825
260600.00000000003,0.411572
260700.0,0.41132
260800.0,0.411067
260899.99999999997,0.410814
261000.0,0.41056
261100.00000000003,0.410307
261200.0,0.410055
261300.0,0.409802
261399.99999999997,0.409549
261500.0,0.409297
261600.00000000003,0.409045
261700.0,0.408793
261800.0,0.408542
261899.99999999997,0.408291
262000.0,0.408041
262100.00000000003,0.407791
262200.0,0.407542
262300.0,0.407293
262400.0,0.407045
262500.0,0.406798
262600.0,0.406552
262700.0,0.406307
262800.0,0.406063
262900.0,0.40582
263000.0,0.405578
263100.0,0.405337
263200.0,0.405097
263300.0,0.404859
263400.0,0.404622
263500.0,0.404387
263600.0,0.404153
263700.0,0.40392
263800.0,0.403689
263900.0,0.40346
264000.0,0.403233
264100.0,0.403007
264200.0,0.402783
264300.0,0.402561
264400.0,0.40234
264500.0,0.402122
264600.0,0.401906
264700.0,0.401691
264800.0,0.401479
264900.0,0.401269
265000.0,0.401061
265100.0,0.400855
265200.0,0.400651
265300.0,0.40045
265400.0,0.400251
265500.0,0.400054
265600.0,0.399859
265700.0,0.399667
265800.0,0.399478
265900.0,0.39929
266000.0,0.399106
266100.0,0.398923
266200.0,0.398744
266300.0,0.398567
266400.0,0.398392
266500.0,0.398221
266600.0,0.398052
266700.0,0.397886
266800.0,0.397722
266900.0,0.397561
267000.0,0.397404
267100.0,0.397249
267200.0,0.397097
267300.0,0.396948
267400.0,0.396802
267500.0,0.396658
267600.0,0.396518
267700.0,0.396381
267800.0,0.396246
267900.0,0.396115
268000.0,0.395987
268100.0,0.395861
268200.0,0.395739
268300.0,0.395619
268400.0,0.395503
268500.0,0.39539
268600.0,0.395279
268700.0,0.395172
268800.0,0.395068
268900.0,0.394967
269000.0,0.394869
269100.0,0.394775
269200.0,0.394683
269300.0,0.394595
269400.0,0.394509
269500.0,0.394427
269600.0,0.394348
269700.0,0.394273
269800.0,0.3942
269900.0,0.394131
270000.0,0.394064
270100.0,0.394001
270200.0,0.393942
270300.0,0.393885
270400.0,0.393831
270500.0,0.393781
270600.0,0.393734
270700.0,0.39369
270800.0,0.393649
270900.0,0.393611
271000.0,0.393577
271100.0,0.393545
271200.0,0.393517
271300.0,0.393492
271400.0,0.393469
271500.0,0.39345
271600.0,0.393434
271700.0,0.393422
271800.0,0.393412
271900.0,0.393405
272000.0,0.393401
272100.0,0.393401
272200.0,0.393403
272300.0,0.393409
272400.0,0.393417
272500.0,0.393428
272600.0,0.393443
272700.0,0.39346
272800.0,0.393481
272900.0,0.393504
273000.0,0.39353
273100.0,0.39356
273200.0,0.393592
273300.0,0.393627
273400.0,0.393665
273500.0,0.393706
273600.0,0.393749
273700.0,0.393796
273800.0,0.393845
273900.0,0.393897
274000.0,0.393951
274100.0,0.394009
274200.0,0.394069
274300.0,0.394132
274400.0,0.394197
274500.0,0.394266
274600.0,0.394336
274700.0,0.39441
274800.0,0.394486
274900.0,0.394564
275000.0,0.394645
275100.0,0.394729
275200.0,0.394815
275300.0,0.394903
275400.0,0.394994
275500.0,0.395088
275600.0,0.395183
275700.0,0.395281
275800.0,0.395382
275900.0,0.395484
276000.0,0.395589
276100.0,0.395697
276200.0,0.395806
276300.0,0.395918
276400.0,0.396032
276500.0,0.396148
276600.0,0.396266
276700.0,0.396386
276800.0,0.396508
276900.0,0.396632
277000.0,0.396758
277100.0,0.396886
277200.0,0.397016
277300.0,0.397148
277400.0,0.397281
277500.0,0.397417
277600.0,0.397554
277700.0,0.397693
277800.0,0.397833
277900.0,0.397975
278000.0,0.398119
278100.0,0.398265
278200.0,0.398412
278300.0,0.39856
278400.0,0.39871
278500.0,0.398862
278600.0,0.399014
278700.0,0.399169
278800.0,0.399324
278900.0,0.399481
279000.0,0.399639
279100.0,0.399798
279200.0,0.399959
279300.0,0.40012
279400.0,0.400283
279500.0,0.400447
279600.0,0.400612
279700.0,0.400778
279800.0,0.400944
279900.0,0.401112
280000.0,0.401281
280100.0,0.40145
280200.0,0.40162
280300.0,0.401791
280400.0,0.401963
280500.0,0.402135
280600.0,0.402308
280700.0,0.402482
280800.0,0.402656
280900.0,0.402831
281000.0,0.403006
281100.0,0.403181
281200.0,0.403357
281300.0,0.403534
281400.0,0.40371
281500.0,0.403887
281600.0,0.404064
281700.0,0.404242
281800.0,0.404419
281900.0,0.404597
282000.0,0.404775
282100.0,0.404953
282200.0,0.405132
282300.0,0.40531
282400.0,0.405488
282500.0,0.405666
282600.0,0.405845
282700.0,0.406023
282800.0,0.4062
282900.0,0.406378
283000.0,0.406555
283100.0,0.406732
283200.0,0.406909
283300.0,0.407085
283400.0,0.407261
283500.0,0.407437
283600.0,0.407612
283700.0,0.407787
283800.0,0.407961
283900.0,0.408134
284000.0,0.408307
284100.0,0.40848
284200.0,0.408652
284300.0,0.408823
284400.0,0.408994
284500.0,0.409164
284600.0,0.409333
284700.0,0.409501
284800.0,0.409669
284900.0,0.409836
285000.0,0.410002
285100.0,0.410167
285200.0,0.410331
285300.0,0.410494
285400.0,0.410656
285500.0,0.410817
285600.0,0.410977
285700.0,0.411136
285800.0,0.411294
285900.0,0.411451
286000.0,0.411607
286100.0,0.411762
286200.0,0.411915
286300.0,0.412068
286400.0,0.412219
286500.0,0.412369
286600.0,0.412517
286700.0,0.412665
286800.0,0.412811
286900.0,0.412955
287000.0,0.413099
287100.0,0.41324
287200.0,0.413381
287300.0,0.41352
287400.0,0.413657
287500.0,0.413793
287600.0,0.413927
287700.0,0.41406
287800.0,0.414191
287900.0,0.414321
288000.0,0.414449
288100.0,0.414576
288200.0,0.414701
288300.0,0.414825
288400.0,0.414946
288500.0,0.415067
288600.0,0.415185
288700.0,0.415302
288800.0,0.415417
288900.0,0.41553
289000.0,0.415641
289100.0,0.41575
289200.0,0.415858
289300.0,0.415964
289400.0,0.416067
289500.0,0.416169
289600.0,0.416269
289700.0,0.416367
289800.0,0.416463
289900.0,0.416558
290000.0,0.41665
290100.0,0.41674
290200.0,0.416828
290300.0,0.416914
290400.0,0.416998
290500.0,0.417081
290600.0,0.417161
290700.0,0.417238
290800.0,0.417314
290900.0,0.417388
291000.0,0.417459
291100.0,0.417529
291200.0,0.417596
291300.0,0.417661
291400.0,0.417724
291500.0,0.417784
291600.0,0.417842
291700.0,0.417899
291800.0,0.417952
291900.0,0.418004
292000.0,0.418053
292100.0,0.4181
292200.0,0.418145
292300.0,0.418187
292400.0,0.418227
292500.0,0.418264
292600.0,0.418299
292700.0,0.418332
292800.0,0.418363
292900.0,0.418391
293000.0,0.418416
293100.0,0.418439
293200.0,0.41846
293300.0,0.418478
293400.0,0.418494
293500.0,0.418508
293600.0,0.418519
293700.0,0.418527
293800.0,0.418533
293900.0,0.418536
294000.0,0.418537
294100.0,0.418536
294200.0,0.418532
294300.0,0.418525
294400.0,0.418516
294500.0,0.418505
294600.0,0.418491
294700.0,0.418474
294800.0,0.418455
294900.0,0.418433
295000.0,0.418409
295100.0,0.418382
295200.0,0.418353
295300.0,0.418321
295400.0,0.418286
295500.0,0.418249
295600.0,0.418209
295700.0,0.418167
295800.0,0.418122
295900.0,0.418075
296000.0,0.418025
296100.0,0.417973
296200.0,0.417917
296300.0,0.41786
296400.0,0.4178
296500.0,0.417737
296600.0,0.417672
296700.0,0.417604
296800.0,0.417534
296900.0,0.417461
297000.0,0.417386
297100.0,0.417308
297200.0,0.417228
297300.0,0.417145
297400.0,0.41706
297500.0,0.416973
297600.0,0.416883
297700.0,0.41679
297800.0,0.416695
297900.0,0.416598
298000.0,0.416498
298100.0,0.416396
298200.0,0.416292
298300.0,0.416185
298400.0,0.416075
298500.0,0.415964
298600.0,0.41585
298700.0,0.415734
298800.0,0.415615
298900.0,0.415495
299000.0,0.415372
299100.0,0.415246
299200.0,0.415119
299300.0,0.414989
299400.0,0.414858
299500.0,0.414724
299600.0,0.414588
299700.0,0.41445
299800.0,0.41431
299900.0,0.414168
300000.0,0.414024
300100.0,0.413878
300200.0,0.41373
300300.0,0.41358
300400.0,0.413429
300500.0,0.413275
300600.0,0.41312
300700.0,0.412963
300800.0,0.412804
300900.0,0.412643
301000.0,0.412481
301100.0,0.412317
301200.0,0.412152
301300.0,0.411984
301400.0,0.411816
301500.0,0.411645
301600.0,0.411474
301700.0,0.4113
301800.0,0.411126
301900.0,0.410949
302000.0,0.410772
302100.0,0.410593
302200.0,0.410413
302300.0,0.410231
302400.0,0.410049
302500.0,0.409865
302600.0,0.40968
302700.0,0.409495
302800.0,0.409308
302900.0,0.40912
303000.0,0.408931
303100.0,0.408742
303200.0,0.408551
303300.0,0.40836
303400.0,0.408168
303500.0,0.407975
303600.0,0.407782
303700.0,0.407588
303800.0,0.407394
303900.0,0.407199
304000.0,0.407003
304100.0,0.406807
304200.0,0.40661
304300.0,0.406413
304400.0,0.406216
304500.0,0.406019
304600.0,0.405821
304700.0,0.405623
304800.0,0.405425
304900.0,0.405227
305000.0,0.405029
305100.0,0.404832
305200.0,0.404634
305300.0,0.404436
305400.0,0.404239
305500.0,0.404042
305600.0,0.403845
305700.0,0.403649
305800.0,0.403453
305900.0,0.403257
306000.0,0.403062
306100.0,0.402868
306200.0,0.402674
306300.0,0.402481
306400.0,0.402289
306500.0,0.402097
306600.0,0.401906
306700.0,0.401716
306800.0,0.401527
306900.0,0.401339
307000.0,0.401152
307100.0,0.400966
307200.0,0.400781
307300.0,0.400598
307400.0,0.400415
307500.0,0.400234
307600.0,0.400055
307700.0,0.399876
307800.0,0.3997
307900.0,0.399524
308000.0,0.399351
308100.0,0.399179
308200.0,0.399008
308300.0,0.39884
308400.0,0.398673
308500.0,0.398508
308600.0,0.398344
308700.0,0.398183
308800.0,0.398024
308900.0,0.397867
309000.0,0.397712
309100.0,0.397559
309200.0,0.397409
309300.0,0.397261
309400.0,0.397115
309500.0,0.396971
309600.0,0.39683
309700.0,0.396691
309800.0,0.396555
309900.0,0.396421
310000.0,0.396289
310100.0,0.396161
310200.0,0.396035
310300.0,0.395911
310400.0,0.39579
310500.0,0.395673
310600.0,0.395558
310700.0,0.395446
310800.0,0.395337
310900.0,0.395231
311000.0,0.395128
311100.0,0.395028
311200.0,0.394931
311300.0,0.394838
311400.0,0.394747
311500.0,0.39466
311600.0,0.394577
311700.0,0.394496
311800.0,0.394419
311900.0,0.394346
312000.0,0.394276
312100.0,0.394209
312200.0,0.394145
312300.0,0.394086
312400.0,0.394029
312500.0,0.393977
312600.0,0.393927
312700.0,0.393882
312800.0,0.39384
312900.0,0.393802
313000.0,0.393767
313100.0,0.393736
313200.0,0.393709
313300.0,0.393685
313400.0,0.393666
313500.0,0.39365
313600.0,0.393637
313700.0,0.393629
313800.0,0.393625
313900.0,0.393624
314000.0,0.393627
314100.0,0.393634
314200.0,0.393645
314300.0,0.39366
314400.0,0.393679
314500.0,0.393702
314600.0,0.393728
314700.0,0.393759
314800.0,0.393793
314900.0,0.393832
315000.0,0.393874
315100.0,0.393921
315200.0,0.393971
315300.0,0.394025
315400.0,0.394083
315500.0,0.394145
315600.0,0.394211
315700.0,0.39428
315800.0,0.394354
315900.0,0.394431
316000.0,0.394512
316100.0,0.394596
316200.0,0.394685
316300.0,0.394777
316400.0,0.394873
316500.0,0.394972
316600.0,0.395076
316700.0,0.395183
316800.0,0.395293
316900.0,0.395408
317000.0,0.395526
317100.0,0.395647
317200.0,0.395773
317300.0,0.395901
317400.0,0.396034
317500.0,0.39617
317600.0,0.396309
317700.0,0.396451
317800.0,0.396597
317900.0,0.396746
318000.0,0.396899
318100.0,0.397055
318200.0,0.397213
318300.0,0.397375
318400.0,0.39754
318500.0,0.397708
318600.0,0.397879
318700.0,0.398053
318800.0,0.39823
318900.0,0.39841
319000.0,0.398592
319100.0,0.398778
319200.0,0.398966
319300.0,0.399156
319400.0,0.39935
319500.0,0.399546
319600.0,0.399744
319700.0,0.399945
319800.0,0.400148
319900.0,0.400354
320000.0,0.400562
320100.0,0.400772
320200.0,0.400985
320300.0,0.401199
320400.0,0.401416
320500.0,0.401635
320600.0,0.401855
320700.0,0.402078
320800.0,0.402302
320900.0,0.402528
321000.0,0.402756
321100.0,0.402985
321200.0,0.403216
321300.0,0.403448
321400.0,0.403682
321500.0,0.403917
321600.0,0.404154
321700.0,0.404391
321800.0,0.40463
321900.0,0.40487
322000.0,0.405111
322100.0,0.405353
322200.0,0.405595
322300.0,0.405839
322400.0,0.406083
322500.0,0.406328
322600.0,0.406573
322700.0,0.40682
322800.0,0.407066
322900.0,0.407313
323000.0,0.407561
323100.0,0.407809
323200.0,0.408057
323300.0,0.408305
323400.0,0.408554
323500.0,0.408802
323600.0,0.409051
323700.0,0.409299
323800.0,0.409547
323900.0,0.409795
324000.0,0.410043
324100.0,0.41029
324200.0,0.410536
324300.0,0.410782
324400.0,0.411027
324500.0,0.411272
324600.0,0.411516
324700.0,0.411759
324800.0,0.412001
324900.0,0.412242
325000.0,0.412482
325100.0,0.412721
325200.0,0.412959
325300.0,0.413196
325400.0,0.413431
325500.0,0.413665
325600.0,0.413897
325700.0,0.414129
325800.0,0.414358
325900.0,0.414586
326000.0,0.414812
326100.0,0.415037
326200.0,0.41526
326300.0,0.415481
326400.0,0.415701
326500.0,0.415918
326600.0,0.416133
326700.0,0.416346
326800.0,0.416557
326900.0,0.416765
327000.0,0.416972
327100.0,0.417175
327200.0,0.417377
327300.0,0.417575
327400.0,0.417771
327500.0,0.417965
327600.0,0.418156
327700.0,0.418344
327800.0,0.418529
327900.0,0.418712
328000.0,0.418892
328100.0,0.419068
328200.0,0.419242
328300.0,0.419413
328400.0,0.419581
328500.0,0.419745
328600.0,0.419907
328700.0,0.420065
328800.0,0.42022
328900.0,0.420372
329000.0,0.42052
329100.0,0.420665
329200.0,0.420807
329300.0,0.420945
329400.0,0.421079
329500.0,0.42121
329600.0,0.421338
329700.0,0.421462
329800.0,0.421582
329900.0,0.421698
330000.0,0.421811
330100.0,0.421919
330200.0,0.422024
330300.0,0.422125
330400.0,0.422222
330500.0,0.422315
330600.0,0.422404
330700.0,0.42249
330800.0,0.422571
330900.0,0.422648
331000.0,0.42272
331100.0,0.422789
331200.0,0.422854
331300.0,0.422915
331400.0,0.422971
331500.0,0.423023
331600.0,0.423071
331700.0,0.423115
331800.0,0.423155
331900.0,0.42319
332000.0,0.423221
332100.0,0.423248
332200.0,0.423271
332300.0,0.42329
332400.0,0.423304
332500.0,0.423314
332600.0,0.423319
332700.0,0.423321
332800.0,0.423317
332900.0,0.42331
333000.0,0.423298
333100.0,0.423281
333200.0,0.423261
333300.0,0.423235
333400.0,0.423206
333500.0,0.423172
333600.0,0.423134
333700.0,0.423091
333800.0,0.423044
333900.0,0.422993
334000.0,0.422937
334100.0,0.422877
334200.0,0.422813
334300.0,0.422745
334400.0,0.422672
334500.0,0.422595
334600.0,0.422514
334700.0,0.422429
334800.0,0.42234
334900.0,0.422246
335000.0,0.422149
335100.0,0.422047
335200.0,0.421941
335300.0,0.421831
335400.0,0.421717
335500.0,0.421599
335600.0,0.421477
335700.0,0.421351
335800.0,0.42122
335900.0,0.421086
336000.0,0.420948
336100.0,0.420806
336200.0,0.42066
336300.0,0.420511
336400.0,0.420357
336500.0,0.4202
336600.0,0.420039
336700.0,0.419874
336800.0,0.419706
336900.0,0.419534
337000.0,0.419359
337100.0,0.41918
337200.0,0.418998
337300.0,0.418812
337400.0,0.418623
337500.0,0.418431
337600.0,0.418235
337700.0,0.418036
337800.0,0.417834
337900.0,0.41763
338000.0,0.417422
338100.0,0.417211
338200.0,0.416997
338300.0,0.41678
338400.0,0.41656
338500.0,0.416338
338600.0,0.416113
338700.0,0.415885
338800.0,0.415654
338900.0,0.415421
339000.0,0.415185
339100.0,0.414947
339200.0,0.414706
339300.0,0.414462
339400.0,0.414217
339500.0,0.413969
339600.0,0.413719
339700.0,0.413467
339800.0,0.413213
339900.0,0.412957
340000.0,0.412699
340100.0,0.412439
340200.0,0.412178
340300.0,0.411915
340400.0,0.411651
340500.0,0.411385
340600.0,0.411117
340700.0,0.410848
340800.0,0.410578
340900.0,0.410307
341000.0,0.410034
341100.0,0.40976
341200.0,0.409485
341300.0,0.40921
341400.0,0.408933
341500.0,0.408655
341600.0,0.408377
341700.0,0.408098
341800.0,0.407818
341900.0,0.407538
342000.0,0.407257
342100.0,0.406976
342200.0,0.406695
342300.0,0.406413
342400.0,0.406131
342500.0,0.405849
342600.0,0.405567
342700.0,0.405285
342800.0,0.405003
342900.0,0.404722
343000.0,0.404441
343100.0,0.40416
343200.0,0.40388
343300.0,0.403601
343400.0,0.403322
343500.0,0.403044
343600.0,0.402766
343700.0,0.40249
343800.0,0.402214
343900.0,0.40194
344000.0,0.401667
344100.0,0.401395
344200.0,0.401124
344300.0,0.400854
344400.0,0.400586
344500.0,0.40032
344600.0,0.400054
344700.0,0.399791
344800.0,0.399529
344900.0,0.399269
345000.0,0.399011
345100.0,0.398754
345200.0,0.3985
345300.0,0.398247
345400.0,0.397997
345500.0,0.397749
345600.0,0.397503
345700.0,0.39726
345800.0,0.397019
345900.0,0.396781
346000.0,0.396545
346100.0,0.396312
346200.0,0.396082
346300.0,0.395855
346400.0,0.395631
346500.0,0.39541
346600.0,0.395192
346700.0,0.394976
346800.0,0.394764
346900.0,0.394556
347000.0,0.39435
347100.0,0.394148
347200.0,0.393949
347300.0,0.393753
347400.0,0.393561
347500.0,0.393373
347600.0,0.393188
347700.0,0.393006
347800.0,0.392829
347900.0,0.392655
348000.0,0.392485
348100.0,0.392319
348200.0,0.392156
348300.0,0.391998
348400.0,0.391844
348500.0,0.391694
348600.0,0.391548
348700.0,0.391406
348800.0,0.391268
348900.0,0.391135
349000.0,0.391006
349100.0,0.390882
349200.0,0.390762
349300.0,0.390646
349400.0,0.390535
349500.0,0.390429
349600.0,0.390327
349700.0,0.390229
349800.0,0.390136
349900.0,0.390048
350000.0,0.389964
350100.0,0.389885
350200.0,0.389811
350300.0,0.389741
350400.0,0.389676
350500.0,0.389615
350600.0,0.38956
350700.0,0.389509
350800.0,0.389462
350900.0,0.389421
351000.0,0.389384
351100.0,0.389352
351200.0,0.389325
351300.0,0.389302
351400.0,0.389285
351500.0,0.389272
351600.0,0.389264
351700.0,0.389261
351800.0,0.389262
351900.0,0.389269
352000.0,0.38928
352100.0,0.389297
352200.0,0.389318
352300.0,0.389344
352400.0,0.389375
352500.0,0.389411
352600.0,0.389451
352700.0,0.389496
352800.0,0.389546
352900.0,0.389601
353000.0,0.38966
353100.0,0.389723
353200.0,0.389792
353300.0,0.389864
353400.0,0.389942
353500.0,0.390024
353600.0,0.39011
353700.0,0.3902
353800.0,0.390296
353900.0,0.390395
354000.0,0.390499
354100.0,0.390607
354200.0,0.390719
354300.0,0.390836
354400.0,0.390957
354500.0,0.391082
354600.0,0.391211
354700.0,0.391344
354800.0,0.391481
354900.0,0.391623
355000.0,0.391768
355100.0,0.391917
355200.0,0.39207
355300.0,0.392227
355400.0,0.392388
355500.0,0.392552
355600.0,0.39272
355700.0,0.392891
355800.0,0.393066
355900.0,0.393245
356000.0,0.393427
356100.0,0.393612
356200.0,0.3938
356300.0,0.393992
356400.0,0.394187
356500.0,0.394384
356600.0,0.394585
356700.0,0.394789
356800.0,0.394996
356900.0,0.395205
357000.0,0.395418
357100.0,0.395633
357200.0,0.39585
357300.0,0.396071
357400.0,0.396294
357500.0,0.396519
357600.0,0.396747
357700.0,0.396977
357800.0,0.397209
357900.0,0.397444
358000.0,0.397681
358100.0,0.39792
358200.0,0.398161
358300.0,0.398403
358400.0,0.398648
358500.0,0.398895
358600.0,0.399143
358700.0,0.399393
358800.0,0.399645
358900.0,0.399898
359000.0,0.400152
359100.0,0.400408
359200.0,0.400665
359300.0,0.400924
359400.0,0.401183
359500.0,0.401444
359600.0,0.401706
359700.0,0.401968
359800.0,0.402232
359900.0,0.402496
360000.0,0.402762
360100.0,0.403028
360200.0,0.403294
360300.0,0.403561
360400.0,0.403829
360500.0,0.404097
360600.0,0.404365
360700.0,0.404634
360800.0,0.404903
360900.0,0.405173
361000.0,0.405442
361100.0,0.405712
361200.0,0.405982
361300.0,0.406251
361400.0,0.406521
361500.0,0.40679
361600.0,0.407059
361700.0,0.407327
361800.0,0.407595
361900.0,0.407863
362000.0,0.40813
362100.0,0.408396
362200.0,0.408662
362300.0,0.408927
362400.0,0.409191
362500.0,0.409454
362600.0,0.409716
362700.0,0.409978
362800.0,0.410238
362900.0,0.410497
363000.0,0.410755
363100.0,0.411012
363200.0,0.411268
363300.0,0.411523
363400.0,0.411776
363500.0,0.412028
363600.0,0.412278
363700.0,0.412527
363800.0,0.412775
363900.0,0.41302
364000.0,0.413264
364100.0,0.413507
364200.0,0.413747
364300.0,0.413986
364400.0,0.414223
364500.0,0.414458
364600.0,0.414691
364700.0,0.414921
364800.0,0.41515
364900.0,0.415377
365000.0,0.415601
365100.0,0.415823
365200.0,0.416043
365300.0,0.41626
365400.0,0.416475
365500.0,0.416687
365600.0,0.416897
365700.0,0.417105
365800.0,0.41731
365900.0,0.417512
366000.0,0.417712
366100.0,0.417909
366200.0,0.418103
366300.0,0.418295
366400.0,0.418484
366500.0,0.41867
366600.0,0.418853
366700.0,0.419034
366800.0,0.419211
366900.0,0.419386
367000.0,0.419558
367100.0,0.419727
367200.0,0.419892
367300.0,0.420055
367400.0,0.420215
367500.0,0.420372
367600.0,0.420525
367700.0,0.420675
367800.0,0.420822
367900.0,0.420966
368000.0,0.421106
368100.0,0.421243
368200.0,0.421377
368300.0,0.421507
368400.0,0.421634
368500.0,0.421757
368600.0,0.421878
368700.0,0.421994
368800.0,0.422108
368900.0,0.422217
369000.0,0.422324
369100.0,0.422427
369200.0,0.422527
369300.0,0.422623
369400.0,0.422715
369500.0,0.422805
369600.0,0.422891
369700.0,0.422973
369800.0,0.423052
369900.0,0.423127
370000.0,0.423199
370100.0,0.423267
370200.0,0.423331
370300.0,0.423393
370400.0,0.42345
370500.0,0.423504
370600.0,0.423555
370700.0,0.423601
370800.0,0.423645
370900.0,0.423684
371000.0,0.42372
371100.0,0.423753
371200.0,0.423782
371300.0,0.423807
371400.0,0.423829
371500.0,0.423847
371600.0,0.423862
371700.0,0.423873
371800.0,0.423881
371900.0,0.423885
372000.0,0.423886
372100.0,0.423884
372200.0,0.423877
372300.0,0.423868
372400.0,0.423855
372500.0,0.423839
372600.0,0.423819
372700.0,0.423796
372800.0,0.423769
372900.0,0.423739
373000.0,0.423706
373100.0,0.42367
373200.0,0.42363
373300.0,0.423587
373400.0,0.423541
373500.0,0.423492
373600.0,0.423439
373700.0,0.423383
373800.0,0.423324
373900.0,0.423261
374000.0,0.423195
374100.0,0.423126
374200.0,0.423054
374300.0,0.422979
374400.0,0.422901
374500.0,0.422819
374600.0,0.422735
374700.0,0.422648
374800.0,0.422557
374900.0,0.422464
375000.0,0.422368
375100.0,0.422269
375200.0,0.422167
375300.0,0.422063
375400.0,0.421955
375500.0,0.421845
375600.0,0.421733
375700.0,0.421617
375800.0,0.421499
375900.0,0.421378
376000.0,0.421255
376100.0,0.421128
376200.0,0.421
376300.0,0.420868
376400.0,0.420734
376500.0,0.420598
376600.0,0.420459
376700.0,0.420317
376800.0,0.420174
376900.0,0.420027
377000.0,0.419879
377100.0,0.419728
377200.0,0.419574
377300.0,0.419418
377400.0,0.419261
377500.0,0.4191
377600.0,0.418938
377700.0,0.418774
377800.0,0.418607
377900.0,0.418439
378000.0,0.418268
378100.0,0.418096
378200.0,0.417922
378300.0,0.417745
378400.0,0.417567
378500.0,0.417387
378600.0,0.417205
378700.0,0.417022
378800.0,0.416837
378900.0,0.41665
379000.0,0.416461
379100.0,0.416271
379200.0,0.416079
379300.0,0.415885
379400.0,0.41569
379500.0,0.415493
379600.0,0.415295
379700.0,0.415095
379800.0,0.414894
379900.0,0.414692
380000.0,0.414488
380100.0,0.414283
380200.0,0.414076
380300.0,0.413869
380400.0,0.41366
380500.0,0.41345
380600.0,0.413239
380700.0,0.413027
380800.0,0.412814
380900.0,0.4126
381000.0,0.412385
381100.0,0.412169
381200.0,0.411952
381300.0,0.411735
381400.0,0.411516
381500.0,0.411297
381600.0,0.411078
381700.0,0.410857
381800.0,0.410636
381900.0,0.410415
382000.0,0.410193
382100.0,0.409971
382200.0,0.409748
382300.0,0.409524
382400.0,0.409301
382500.0,0.409077
382600.0,0.408853
382700.0,0.408628
382800.0,0.408403
382900.0,0.408178
383000.0,0.407953
383100.0,0.407728
383200.0,0.407503
383300.0,0.407277
383400.0,0.407052
383500.0,0.406827
383600.0,0.406601
383700.0,0.406376
383800.0,0.406152
383900.0,0.405927
384000.0,0.405703
384100.0,0.405479
384200.0,0.405256
384300.0,0.405033
384400.0,0.404811
384500.0,0.40459
384600.0,0.404368
384700.0,0.404148
384800.0,0.403928
384900.0,0.403709
385000.0,0.403491
385100.0,0.403273
385200.0,0.403057
385300.0,0.402841
385400.0,0.402626
385500.0,0.402412
385600.0,0.402199
385700.0,0.401988
385800.0,0.401777
385900.0,0.401567
386000.0,0.401359
386100.0,0.401151
386200.0,0.400945
386300.0,0.40074
386400.0,0.400537
386500.0,0.400335
386600.0,0.400134
386700.0,0.399935
386800.0,0.399737
386900.0,0.399541
387000.0,0.399346
387100.0,0.399153
387200.0,0.398962
387300.0,0.398772
387400.0,0.398584
387500.0,0.398398
387600.0,0.398214
387700.0,0.398032
387800.0,0.397851
387900.0,0.397673
388000.0,0.397496
388100.0,0.397321
388200.0,0.397149
388300.0,0.396978
388400.0,0.39681
388500.0,0.396644
388600.0,0.39648
388700.0,0.396318
388800.0,0.396158
388900.0,0.396
389000.0,0.395845
389100.0,0.395692
389200.0,0.395541
389300.0,0.395393
389400.0,0.395247
389500.0,0.395103
389600.0,0.394962
389700.0,0.394823
389800.0,0.394687
389900.0,0.394553
390000.0,0.394422
390100.0,0.394294
390200.0,0.394168
390300.0,0.394045
390400.0,0.393925
390500.0,0.393807
390600.0,0.393692
390700.0,0.39358
390800.0,0.39347
390900.0,0.393363
391000.0,0.393259
391100.0,0.393158
391200.0,0.39306
391300.0,0.392964
391400.0,0.392872
391500.0,0.392782
391600.0,0.392695
391700.0,0.392611
391800.0,0.39253
391900.0,0.392452
392000.0,0.392377
392100.0,0.392305
392200.0,0.392236
392300.0,0.39217
392400.0,0.392106
392500.0,0.392046
392600.0,0.391989
392700.0,0.391935
392800.0,0.391884
392900.0,0.391836
393000.0,0.391791
393100.0,0.391749
393200.0,0.39171
393300.0,0.391675
393400.0,0.391642
393500.0,0.391613
393600.0,0.391586
393700.0,0.391563
393800.0,0.391543
393900.0,0.391526
394000.0,0.391513
394100.0,0.391502
394200.0,0.391495
394300.0,0.391491
394400.0,0.39149
394500.0,0.391492
394600.0,0.391497
394700.0,0.391506
394800.0,0.391517
394900.0,0.391532
395000.0,0.39155
395100.0,0.391571
395200.0,0.391594
395300.0,0.391621
395400.0,0.391651
395500.0,0.391685
395600.0,0.391721
395700.0,0.39176
395800.0,0.391803
395900.0,0.391849
396000.0,0.391897
396100.0,0.39195
396200.0,0.392005
396300.0,0.392063
396400.0,0.392125
396500.0,0.392189
396600.0,0.392257
396700.0,0.392328
396800.0,0.392402
396900.0,0.392478
397000.0,0.392558
397100.0,0.392641
397200.0,0.392727
397300.0,0.392816
397400.0,0.392907
397500.0,0.393002
397600.0,0.3931
397700.0,0.3932
397800.0,0.393303
397900.0,0.39341
398000.0,0.393519
398100.0,0.393631
398200.0,0.393745
398300.0,0.393863
398400.0,0.393983
398500.0,0.394106
398600.0,0.394232
398700.0,0.394361
398800.0,0.394492
398900.0,0.394626
399000.0,0.394763
399100.0,0.394903
399200.0,0.395045
399300.0,0.395189
399400.0,0.395337
399500.0,0.395487
399600.0,0.395639
399700.0,0.395794
399800.0,0.395951
399900.0,0.396111
400000.0,0.396273
400100.0,0.396438
400200.0,0.396605
400300.0,0.396775
400400.0,0.396946
400500.0,0.39712
400600.0,0.397296
400700.0,0.397474
400800.0,0.397655
400900.0,0.397837
401000.0,0.398021
401100.0,0.398208
401200.0,0.398396
401300.0,0.398586
401400.0,0.398778
401500.0,0.398973
401600.0,0.399168
401700.0,0.399366
401800.0,0.399566
401900.0,0.399767
402000.0,0.39997
402100.0,0.400174
402200.0,0.400381
402300.0,0.400589
402400.0,0.400798
402500.0,0.401009
402600.0,0.401221
402700.0,0.401435
402800.0,0.40165
402900.0,0.401867
403000.0,0.402084
403100.0,0.402303
403200.0,0.402523
403300.0,0.402744
403400.0,0.402967
403500.0,0.40319
403600.0,0.403414
403700.0,0.403639
403800.0,0.403865
403900.0,0.404091
404000.0,0.404319
404100.0,0.404547
404200.0,0.404775
404300.0,0.405005
404400.0,0.405235
404500.0,0.405465
404600.0,0.405696
404700.0,0.405927
404800.0,0.406158
404900.0,0.40639
405000.0,0.406622
405100.0,0.406855
405200.0,0.407087
405300.0,0.40732
405400.0,0.407553
405500.0,0.407786
405600.0,0.408018
405700.0,0.408251
405800.0,0.408484
405900.0,0.408716
406000.0,0.408948
406100.0,0.40918
406200.0,0.409412
406300.0,0.409643
406400.0,0.409874
406500.0,0.410105
406600.0,0.410334
406700.0,0.410564
406800.0,0.410792
406900.0,0.41102
407000.0,0.411247
407100.0,0.411473
407200.0,0.411698
407300.0,0.411923
407400.0,0.412146
407500.0,0.412369
407600.0,0.41259
407700.0,0.41281
407800.0,0.413029
407900.0,0.413247
408000.0,0.413464
408100.0,0.41368
408200.0,0.413894
408300.0,0.414107
408400.0,0.414319
408500.0,0.414529
408600.0,0.414738
408700.0,0.414945
408800.0,0.415151
408900.0,0.415355
409000.0,0.415557
409100.0,0.415758
409200.0,0.415957
409300.0,0.416154
409400.0,0.41635
409500.0,0.416543
409600.0,0.416735
409700.0,0.416925
409800.0,0.417112
409900.0,0.417298
410000.0,0.417481
410100.0,0.417663
410200.0,0.417842
410300.0,0.418019
410400.0,0.418194
410500.0,0.418367
410600.0,0.418537
410700.0,0.418705
410800.0,0.41887
410900.0,0.419033
411000.0,0.419194
411100.0,0.419353
411200.0,0.419508
411300.0,0.419662
411400.0,0.419812
411500.0,0.419961
411600.0,0.420106
411700.0,0.420249
411800.0,0.420389
411900.0,0.420526
412000.0,0.420661
412100.0,0.420793
412200.0,0.420922
412300.0,0.421048
412400.0,0.421171
412500.0,0.421291
412600.0,0.421409
412700.0,0.421523
412800.0,0.421634
412900.0,0.421742
413000.0,0.421848
413100.0,0.42195
413200.0,0.422049
413300.0,0.422144
413400.0,0.422237
413500.0,0.422327
413600.0,0.422413
413700.0,0.422496
413800.0,0.422576
413900.0,0.422652
414000.0,0.422726
414100.0,0.422795
414200.0,0.422862
414300.0,0.422925
414400.0,0.422985
414500.0,0.423042
414600.0,0.423095
414700.0,0.423145
414800.0,0.423191
414900.0,0.423234
415000.0,0.423273
415100.0,0.423309
415200.0,0.423342
415300.0,0.423371
415400.0,0.423396
415500.0,0.423418
415600.0,0.423436
415700.0,0.423451
415800.0,0.423462
415900.0,0.42347
416000.0,0.423473
416100.0,0.423473
416200.0,0.42347
416300.0,0.423463
416400.0,0.423452
416500.0,0.423438
416600.0,0.42342
416700.0,0.423398
416800.0,0.423373
416900.0,0.423344
417000.0,0.423312
417100.0,0.423276
417200.0,0.423236
417300.0,0.423193
417400.0,0.423147
417500.0,0.423097
417600.0,0.423043
417700.0,0.422986
417800.0,0.422925
417900.0,0.42286
418000.0,0.422792
418100.0,0.42272
418200.0,0.422644
418300.0,0.422565
418400.0,0.422483
418500.0,0.422396
418600.0,0.422307
418700.0,0.422213
418800.0,0.422116
418900.0,0.422016
419000.0,0.421912
419100.0,0.421805
419200.0,0.421694
419300.0,0.42158
419400.0,0.421462
419500.0,0.421342
419600.0,0.421217
419700.0,0.42109
419800.0,0.420959
419900.0,0.420825
420000.0,0.420688
420100.0,0.420548
420200.0,0.420405
420300.0,0.420258
420400.0,0.420108
420500.0,0.419956
420600.0,0.4198
420700.0,0.419641
420800.0,0.419479
420900.0,0.419315
421000.0,0.419147
421100.0,0.418976
421200.0,0.418803
421300.0,0.418626
421400.0,0.418447
421500.0,0.418265
421600.0,0.418081
421700.0,0.417893
421800.0,0.417703
421900.0,0.417511
422000.0,0.417316
422100.0,0.417118
422200.0,0.416918
422300.0,0.416715
422400.0,0.41651
422500.0,0.416303
422600.0,0.416093
422700.0,0.415882
422800.0,0.415668
422900.0,0.415452
423000.0,0.415234
423100.0,0.415015
423200.0,0.414793
423300.0,0.414569
423400.0,0.414344
423500.0,0.414117
423600.0,0.413888
423700.0,0.413657
423800.0,0.413425
423900.0,0.413191
424000.0,0.412956
424100.0,0.412718
424200.0,0.41248
424300.0,0.41224
424400.0,0.411999
424500.0,0.411756
424600.0,0.411513
424700.0,0.411268
424800.0,0.411022
424900.0,0.410775
425000.0,0.410527
425100.0,0.410278
425200.0,0.410029
425300.0,0.409779
425400.0,0.409528
425500.0,0.409277
425600.0,0.409025
425700.0,0.408772
425800.0,0.408519
425900.0,0.408266
426000.0,0.408012
426100.0,0.407759
426200.0,0.407505
426300.0,0.407251
426400.0,0.406997
426500.0,0.406743
426600.0,0.406489
426700.0,0.406235
426800.0,0.405981
426900.0,0.405728
427000.0,0.405475
427100.0,0.405222
427200.0,0.40497
427300.0,0.404718
427400.0,0.404467
427500.0,0.404216
427600.0,0.403966
427700.0,0.403717
427800.0,0.403469
427900.0,0.403222
428000.0,0.402976
428100.0,0.402731
428200.0,0.402487
428300.0,0.402244
428400.0,0.402002
428500.0,0.401762
428600.0,0.401524
428700.0,0.401286
428800.0,0.401051
428900.0,0.400817
429000.0,0.400584
429100.0,0.400354
429200.0,0.400125
429300.0,0.399898
429400.0,0.399673
429500.0,0.39945
429600.0,0.399229
429700.0,0.39901
429800.0,0.398794
429900.0,0.398579
430000.0,0.398367
430100.0,0.398156
430200.0,0.397948
430300.0,0.397743
430400.0,0.39754
430500.0,0.397339
430600.0,0.397142
430700.0,0.396946
430800.0,0.396754
430900.0,0.396564
431000.0,0.396377
431100.0,0.396194
431200.0,0.396013
431300.0,0.395835
431400.0,0.39566
431500.0,0.395488
431600.0,0.39532
431700.0,0.395155
431800.0,0.394993
431900.0,0.394834
432000.0,0.394679
432100.0,0.394527
432200.0,0.394379
432300.0,0.394234
432400.0,0.394093
432500.0,0.393955
432600.0,0.393821
432700.0,0.39369
432800.0,0.393563
432900.0,0.39344
433000.0,0.39332
433100.0,0.393204
433200.0,0.393092
433300.0,0.392984
433400.0,0.39288
433500.0,0.392779
433600.0,0.392683
433700.0,0.39259
433800.0,0.392501
433900.0,0.392417
434000.0,0.392336
434100.0,0.39226
434200.0,0.392188
434300.0,0.392119
434400.0,0.392056
434500.0,0.391996
434600.0,0.39194
434700.0,0.391889
434800.0,0.391842
434900.0,0.391799
435000.0,0.39176
435100.0,0.391726
435200.0,0.391696
435300.0,0.39167
435400.0,0.391648
435500.0,0.391631
435600.0,0.391618
435700.0,0.391609
435800.0,0.391605
435900.0,0.391604
436000.0,0.391608
436100.0,0.391617
436200.0,0.391629
436300.0,0.391645
436400.0,0.391666
436500.0,0.391691
436600.0,0.39172
436700.0,0.391754
436800.0,0.391792
436900.0,0.391833
437000.0,0.39188
437100.0,0.39193
437200.0,0.391984
437300.0,0.392043
437400.0,0.392106
437500.0,0.392172
437600.0,0.392243
437700.0,0.392318
437800.0,0.392397
437900.0,0.392481
438000.0,0.392568
438100.0,0.392659
438200.0,0.392753
438300.0,0.392852
438400.0,0.392955
438500.0,0.393061
438600.0,0.393171
438700.0,0.393285
438800.0,0.393402
438900.0,0.393523
439000.0,0.393648
439100.0,0.393776
439200.0,0.393907
439300.0,0.394042
439400.0,0.39418
439500.0,0.394322
439600.0,0.394466
439700.0,0.394615
439800.0,0.394766
439900.0,0.39492
440000.0,0.395078
440100.0,0.395239
440200.0,0.395403
440300.0,0.39557
440400.0,0.39574
440500.0,0.395912
440600.0,0.396088
440700.0,0.396266
440800.0,0.396447
440900.0,0.396631
441000.0,0.396817
441100.0,0.397006
441200.0,0.397197
441300.0,0.39739
441400.0,0.397586
441500.0,0.397784
441600.0,0.397984
441700.0,0.398186
441800.0,0.39839
441900.0,0.398597
442000.0,0.398805
442100.0,0.399014
442200.0,0.399226
442300.0,0.399439
442400.0,0.399654
442500.0,0.39987
442600.0,0.400088
442700.0,0.400308
442800.0,0.400528
442900.0,0.400751
443000.0,0.400974
443100.0,0.401199
443200.0,0.401425
443300.0,0.401652
443400.0,0.401879
443500.0,0.402108
443600.0,0.402338
443700.0,0.402569
443800.0,0.4028
443900.0,0.403032
444000.0,0.403265
444100.0,0.403498
444200.0,0.403731
444300.0,0.403965
444400.0,0.404199
444500.0,0.404434
444600.0,0.404668
444700.0,0.404903
444800.0,0.405137
444900.0,0.405372
445000.0,0.405606
445100.0,0.40584
445200.0,0.406073
445300.0,0.406307
445400.0,0.40654
445500.0,0.406772
445600.0,0.407004
445700.0,0.407235
445800.0,0.407466
445900.0,0.407697
446000.0,0.407926
446100.0,0.408155
446200.0,0.408383
446300.0,0.40861
446400.0,0.408837
446500.0,0.409062
446600.0,0.409286
446700.0,0.409509
446800.0,0.409731
446900.0,0.409952
447000.0,0.410171
447100.0,0.410389
447200.0,0.410605
447300.0,0.41082
447400.0,0.411033
447500.0,0.411244
447600.0,0.411454
447700.0,0.411662
447800.0,0.411868
447900.0,0.412073
448000.0,0.412276
448100.0,0.412476
448200.0,0.412675
448300.0,0.412872
448400.0,0.413066
448500.0,0.413259
448600.0,0.413449
448700.0,0.413637
448800.0,0.413824
448900.0,0.414007
449000.0,0.414189
449100.0,0.414368
449200.0,0.414545
449300.0,0.414719
449400.0,0.414891
449500.0,0.415061
449600.0,0.415228
449700.0,0.415392
449800.0,0.415554
449900.0,0.415713
450000.0,0.415869
450100.0,0.416023
450200.0,0.416173
450300.0,0.416321
450400.0,0.416467
450500.0,0.416609
450600.0,0.416748
450700.0,0.416884
450800.0,0.417018
450900.0,0.417148
451000.0,0.417276
451100.0,0.4174
451200.0,0.417521
451300.0,0.417639
451400.0,0.417754
451500.0,0.417865
451600.0,0.417974
451700.0,0.418079
451800.0,0.418182
451900.0,0.418281
452000.0,0.418377
452100.0,0.418469
452200.0,0.418559
452300.0,0.418645
452400.0,0.418728
452500.0,0.418808
452600.0,0.418884
452700.0,0.418957
452800.0,0.419027
452900.0,0.419093
453000.0,0.419156
453100.0,0.419215
453200.0,0.419271
453300.0,0.419324
453400.0,0.419373
453500.0,0.419418
453600.0,0.41946
453700.0,0.419499
453800.0,0.419534
453900.0,0.419565
454000.0,0.419594
454100.0,0.419618
454200.0,0.41964
454300.0,0.419658
454400.0,0.419672
454500.0,0.419683
454600.0,0.419691
454700.0,0.419695
454800.0,0.419696
454900.0,0.419693
455000.0,0.419687
455100.0,0.419678
455200.0,0.419666
455300.0,0.41965
455400.0,0.41963
455500.0,0.419608
455600.0,0.419581
455700.0,0.419552
455800.0,0.419519
455900.0,0.419483
456000.0,0.419444
456100.0,0.419402
456200.0,0.419356
456300.0,0.419307
456400.0,0.419254
456500.0,0.419199
456600.0,0.41914
456700.0,0.419078
456800.0,0.419013
456900.0,0.418945
457000.0,0.418873
457100.0,0.418799
457200.0,0.418722
457300.0,0.418642
457400.0,0.418558
457500.0,0.418472
457600.0,0.418383
457700.0,0.418291
457800.0,0.418197
457900.0,0.418099
458000.0,0.417999
458100.0,0.417896
458200.0,0.417791
458300.0,0.417683
458400.0,0.417572
458500.0,0.417459
458600.0,0.417343
458700.0,0.417224
458800.0,0.417103
458900.0,0.41698
459000.0,0.416854
459100.0,0.416726
459200.0,0.416595
459300.0,0.416462
459400.0,0.416327
459500.0,0.41619
459600.0,0.41605
459700.0,0.415908
459800.0,0.415765
459900.0,0.415619
460000.0,0.415471
460100.0,0.415321
460200.0,0.41517
460300.0,0.415016
460400.0,0.414861
460500.0,0.414704
460600.0,0.414545
460700.0,0.414385
460800.0,0.414223
460900.0,0.41406
461000.0,0.413895
461100.0,0.413729
461200.0,0.413561
461300.0,0.413392
461400.0,0.413222
461500.0,0.41305
461600.0,0.412877
461700.0,0.412704
461800.0,0.412528
461900.0,0.412352
462000.0,0.412175
462100.0,0.411997
462200.0,0.411818
462300.0,0.411638
462400.0,0.411457
462500.0,0.411275
462600.0,0.411093
462700.0,0.41091
462800.0,0.410726
462900.0,0.410542
463000.0,0.410358
463100.0,0.410172
463200.0,0.409987
463300.0,0.409801
463400.0,0.409615
463500.0,0.409428
463600.0,0.409242
463700.0,0.409055
463800.0,0.408868
463900.0,0.408681
464000.0,0.408494
464100.0,0.408307
464200.0,0.408121
464300.0,0.407934
464400.0,0.407748
464500.0,0.407562
464600.0,0.407376
464700.0,0.407191
464800.0,0.407006
464900.0,0.406821
465000.0,0.406637
465100.0,0.406454
465200.0,0.406271
465300.0,0.406088
465400.0,0.405907
465500.0,0.405726
465600.0,0.405545
465700.0,0.405366
465800.0,0.405188
465900.0,0.40501
466000.0,0.404833
466100.0,0.404658
466200.0,0.404483
466300.0,0.40431
466400.0,0.404138
466500.0,0.403967
466600.0,0.403797
466700.0,0.403629
466800.0,0.403462
466900.0,0.403296
467000.0,0.403132
467100.0,0.402969
467200.0,0.402808
467300.0,0.402648
467400.0,0.40249
467500.0,0.402333
467600.0,0.402178
467700.0,0.402025
467800.0,0.401874
467900.0,0.401724
468000.0,0.401576
468100.0,0.40143
468200.0,0.401285
468300.0,0.401143
468400.0,0.401002
468500.0,0.400864
468600.0,0.400727
468700.0,0.400593
468800.0,0.40046
468900.0,0.40033
469000.0,0.400202
469100.0,0.400076
469200.0,0.399952
469300.0,0.399831
469400.0,0.399711
469500.0,0.399595
469600.0,0.39948
469700.0,0.399368
469800.0,0.399258
469900.0,0.399151
470000.0,0.399046
470100.0,0.398943
470200.0,0.398843
470300.0,0.398745
470400.0,0.39865
470500.0,0.398557
470600.0,0.398467
470700.0,0.39838
470800.0,0.398295
470900.0,0.398212
471000.0,0.398132
471100.0,0.398055
471200.0,0.397981
471300.0,0.397909
471400.0,0.39784
471500.0,0.397773
471600.0,0.397709
471700.0,0.397648
471800.0,0.39759
471900.0,0.397534
472000.0,0.397481
472100.0,0.397431
472200.0,0.397383
472300.0,0.397339
472400.0,0.397297
472500.0,0.397257
472600.0,0.397221
472700.0,0.397187
472800.0,0.397157
472900.0,0.397129
473000.0,0.397103
473100.0,0.397081
473200.0,0.397061
473300.0,0.397044
473400.0,0.39703
473500.0,0.397019
473600.0,0.397011
473700.0,0.397005
473800.0,0.397002
473900.0,0.397001
474000.0,0.397004
474100.0,0.397009
474200.0,0.397017
474300.0,0.397027
474400.0,0.39704
474500.0,0.397056
474600.0,0.397075
474700.0,0.397096
474800.0,0.39712
474900.0,0.397147
475000.0,0.397176
475100.0,0.397208
475200.0,0.397242
475300.0,0.397279
475400.0,0.397319
475500.0,0.397361
475600.0,0.397405
475700.0,0.397453
475800.0,0.397502
475900.0,0.397554
476000.0,0.397609
476100.0,0.397666
476200.0,0.397725
476300.0,0.397786
476400.0,0.39785
476500.0,0.397917
476600.0,0.397985
476700.0,0.398056
476800.0,0.398129
476900.0,0.398204
477000.0,0.398281
477100.0,0.398361
477200.0,0.398443
477300.0,0.398527
477400.0,0.398613
477500.0,0.398701
477600.0,0.398791
477700.0,0.398883
477800.0,0.398976
477900.0,0.399072
478000.0,0.39917
478100.0,0.39927
478200.0,0.399371
478300.0,0.399474
478400.0,0.399579
478500.0,0.399686
478600.0,0.399794
478700.0,0.399905
478800.0,0.400016
478900.0,0.40013
479000.0,0.400244
479100.0,0.400361
479200.0,0.400479
479300.0,0.400598
479400.0,0.400719
479500.0,0.400841
479600.0,0.400965
479700.0,0.40109
479800.0,0.401216
479900.0,0.401343
480000.0,0.401472
480100.0,0.401601
480200.0,0.401732
480300.0,0.401864
480400.0,0.401997
480500.0,0.402131
480600.0,0.402266
480700.0,0.402402
480800.0,0.402539
480900.0,0.402677
481000.0,0.402815
481100.0,0.402955
481200.0,0.403095
481300.0,0.403237
481400.0,0.403378
481500.0,0.403521
481600.0,0.403664
481700.0,0.403808
481800.0,0.403952
481900.0,0.404097
482000.0,0.404243
482100.0,0.404388
482200.0,0.404534
482300.0,0.404681
482400.0,0.404828
482500.0,0.404975
482600.0,0.405122
482700.0,0.40527
482800.0,0.405418
482900.0,0.405566
483000.0,0.405714
483100.0,0.405862
483200.0,0.406011
483300.0,0.406159
483400.0,0.406308
483500.0,0.406456
483600.0,0.406605
483700.0,0.406753
483800.0,0.406902
483900.0,0.40705
484000.0,0.407198
484100.0,0.407346
484200.0,0.407493
484300.0,0.40764
484400.0,0.407787
484500.0,0.407934
484600.0,0.40808
484700.0,0.408226
484800.0,0.408372
484900.0,0.408517
485000.0,0.408661
485100.0,0.408806
485200.0,0.408949
485300.0,0.409092
485400.0,0.409234
485500.0,0.409376
485600.0,0.409517
485700.0,0.409658
485800.0,0.409798
485900.0,0.409937
486000.0,0.410075
486100.0,0.410212
486200.0,0.410349
486300.0,0.410485
486400.0,0.41062
486500.0,0.410754
486600.0,0.410887
486700.0,0.411019
486800.0,0.411151
486900.0,0.411281
487000.0,0.41141
487100.0,0.411539
487200.0,0.411666
487300.0,0.411792
487400.0,0.411917
487500.0,0.412041
487600.0,0.412164
487700.0,0.412285
487800.0,0.412406
487900.0,0.412525
488000.0,0.412643
488100.0,0.412759
488200.0,0.412874
488300.0,0.412988
488400.0,0.413101
488500.0,0.413212
488600.0,0.413322
488700.0,0.413431
488800.0,0.413538
488900.0,0.413643
489000.0,0.413747
489100.0,0.41385
489200.0,0.413951
489300.0,0.414051
489400.0,0.414149
489500.0,0.414245
489600.0,0.41434
489700.0,0.414434
489800.0,0.414526
489900.0,0.414616
490000.0,0.414704
490100.0,0.414791
490200.0,0.414876
490300.0,0.41496
490400.0,0.415042
490500.0,0.415122
490600.0,0.4152
490700.0,0.415277
490800.0,0.415352
490900.0,0.415425
491000.0,0.415496
491100.0,0.415566
491200.0,0.415634
491300.0,0.415699
491400.0,0.415763
491500.0,0.415825
491600.0,0.415886
491700.0,0.415944
491800.0,0.416
491900.0,0.416055
492000.0,0.416108
492100.0,0.416158
492200.0,0.416207
492300.0,0.416254
492400.0,0.416299
492500.0,0.416342
492600.0,0.416383
492700.0,0.416422
492800.0,0.416458
492900.0,0.416493
493000.0,0.416526
493100.0,0.416557
493200.0,0.416586
493300.0,0.416613
493400.0,0.416637
493500.0,0.41666
493600.0,0.416681
493700.0,0.416699
493800.0,0.416716
493900.0,0.41673
494000.0,0.416742
494100.0,0.416753
494200.0,0.416761
494300.0,0.416767
494400.0,0.416771
494500.0,0.416773
494600.0,0.416773
494700.0,0.416771
494800.0,0.416766
494900.0,0.41676
495000.0,0.416752
495100.0,0.416741
495200.0,0.416729
495300.0,0.416714
495400.0,0.416697
495500.0,0.416678
495600.0,0.416658
495700.0,0.416635
495800.0,0.41661
495900.0,0.416583
496000.0,0.416554
496100.0,0.416523
496200.0,0.416489
496300.0,0.416454
496400.0,0.416417
496500.0,0.416378
496600.0,0.416337
496700.0,0.416293
496800.0,0.416248
496900.0,0.416201
497000.0,0.416152
497100.0,0.416101
497200.0,0.416047
497300.0,0.415992
497400.0,0.415935
497500.0,0.415876
497600.0,0.415815
497700.0,0.415752
497800.0,0.415687
497900.0,0.41562
498000.0,0.415552
498100.0,0.415481
498200.0,0.415409
498300.0,0.415334
498400.0,0.415258
498500.0,0.41518
498600.0,0.415101
498700.0,0.415019
498800.0,0.414936
498900.0,0.41485
499000.0,0.414763
499100.0,0.414675
499200.0,0.414584
499300.0,0.414492
499400.0,0.414398
499500.0,0.414302
499600.0,0.414205
499700.0,0.414106
499800.0,0.414005
499900.0,0.413902
500000.0,0.413798
