age,pre
-0.0,0.01628
100.0,0.016431
200.0,0.016568
300.0,0.01669
400.0,0.016798
500.0,0.016891
600.0,0.016968
700.0,0.017029
800.0,0.017075
900.0,0.017104
1000.0,0.017116
1100.0,0.017109
1200.0,0.017085
1300.0,0.017045
1400.0,0.016988
1500.0,0.016914
1600.0,0.016824
1700.0,0.016718
1800.0,0.016597
1900.0,0.01646
2000.0,0.016308
2100.0,0.016142
2200.0,0.015961
2300.0,0.015766
2400.0,0.015556
2500.0,0.015333
2600.0,0.015096
2700.0,0.014846
2800.0,0.014583
2900.0,0.014307
3000.0,0.014018
3100.0,0.013718
3200.0,0.013406
3300.0,0.013081
3400.0,0.012744
3500.0,0.012394
3600.0,0.012031
3700.0,0.011656
3800.0,0.011267
3900.0,0.010867
4000.0,0.010453
4100.0,0.010024
4200.0,0.009583
4300.0,0.009131
4400.0,0.008669
4500.0,0.008197
4600.0,0.007717
4700.0,0.007229
4800.0,0.006734
4900.0,0.006233
5000.0,0.005727
5100.0,0.005218
5200.0,0.004704
5300.0,0.004186
5400.0,0.003663
5500.0,0.003137
5600.0,0.002608
5700.0,0.002075
5800.0,0.001539
5900.0,0.001001
6000.0,0.000461
6100.0,-8.1e-05
6200.0,-0.000624
6300.0,-0.001167
6400.0,-0.00171
6500.0,-0.002253
6600.0,-0.002795
6700.0,-0.003337
6800.0,-0.003877
6900.0,-0.004415
7000.0,-0.004952
7100.0,-0.005488
7200.0,-0.006021
7300.0,-0.006551
7400.0,-0.007078
7500.0,-0.0076
7600.0,-0.008117
7700.0,-0.008629
7800.0,-0.009134
7900.0,-0.009632
8000.0,-0.010122
8100.0,-0.010603
8200.0,-0.011074
8300.0,-0.011536
8400.0,-0.011987
8500.0,-0.012427
8600.0,-0.012856
8700.0,-0.013273
8800.0,-0.013679
8900.0,-0.014072
9000.0,-0.014453
9100.0,-0.014819
9200.0,-0.015173
9300.0,-0.015515
9400.0,-0.015844
9500.0,-0.016161
9600.0,-0.016466
9700.0,-0.016759
9800.0,-0.017041
9900.0,-0.01731
10000.0,-0.017566
10100.0,-0.017815
10200.0,-0.01805
10300.0,-0.018271
10400.0,-0.018478
10500.0,-0.018669
10600.0,-0.018844
10700.0,-0.019003
10800.0,-0.019144
10900.0,-0.019268
11000.0,-0.019374
11100.0,-0.019458
11200.0,-0.019524
11300.0,-0.019572
11400.0,-0.019603
11500.0,-0.019616
11600.0,-0.019613
11700.0,-0.019594
11800.0,-0.019558
11900.0,-0.019507
12000.0,-0.01944
12100.0,-0.019359
12200.0,-0.019262
12300.0,-0.019151
12400.0,-0.019024
12500.0,-0.018881
12600.0,-0.018723
12700.0,-0.01855
12800.0,-0.018363
12900.0,-0.01816
13000.0,-0.017942
13100.0,-0.017711
13200.0,-0.017465
13300.0,-0.017206
13400.0,-0.016932
13500.0,-0.016644
13600.0,-0.016343
13700.0,-0.016028
13800.0,-0.015699
13900.0,-0.015357
14000.0,-0.015001
14100.0,-0.014632
14200.0,-0.01425
14300.0,-0.013855
14400.0,-0.013448
14500.0,-0.01303
14600.0,-0.0126
14700.0,-0.01216
14800.0,-0.01171
14900.0,-0.011249
15000.0,-0.010779
15100.0,-0.010301
15200.0,-0.009814
15300.0,-0.009319
15400.0,-0.008817
15500.0,-0.008309
15600.0,-0.007795
15700.0,-0.007275
15800.0,-0.006751
15900.0,-0.006222
16000.0,-0.005689
16100.000000000002,-0.005155
16200.0,-0.004618
16300.0,-0.004078
16400.0,-0.003536
16500.0,-0.002991
16600.0,-0.002444
16700.0,-0.001895
16800.0,-0.001345
16900.0,-0.000793
17000.0,-0.000241
17100.0,0.000314
17200.0,0.000868
17300.0,0.001422
17400.0,0.001975
17500.0,0.002525
17600.0,0.003074
17700.0,0.00362
17800.0,0.004162
17900.0,0.0047
18000.0,0.005234
18100.0,0.005764
18200.0,0.006288
18300.0,0.006806
18400.0,0.007317
18500.0,0.007821
18600.0,0.008318
18700.0,0.008806
18800.0,0.009285
18900.0,0.009755
19000.0,0.010214
19100.0,0.010661
19200.0,0.011096
19300.0,0.011521
19400.0,0.011935
19500.0,0.012338
19600.0,0.01273
19700.0,0.013112
19800.0,0.013482
19900.0,0.013842
20000.0,0.014191
20100.0,0.014532
20200.0,0.014861
20300.0,0.015179
20400.0,0.015485
20500.0,0.015778
20600.0,0.016058
20700.0,0.016325
20800.0,0.016577
20900.0,0.016815
21000.0,0.017038
21100.0,0.017244
21200.0,0.017435
21300.0,0.01761
21400.0,0.01777
21500.0,0.017913
21600.0,0.018041
21700.0,0.018153
21800.0,0.018249
21900.0,0.01833
22000.0,0.018394
22100.0,0.018442
22200.0,0.018475
22300.0,0.018492
22400.0,0.018493
22500.0,0.018479
22600.0,0.01845
22700.0,0.018406
22800.0,0.018347
22900.0,0.018273
23000.0,0.018185
23100.0,0.018083
23200.0,0.017966
23300.0,0.017836
23400.0,0.017692
23500.0,0.017535
23600.0,0.017365
23700.0,0.017182
23800.0,0.016985
23900.0,0.016777
24000.0,0.016555
24100.0,0.016324
24200.0,0.016079
24300.0,0.015823
24400.0,0.015553
24500.0,0.015271
24600.0,0.014977
24700.0,0.014669
24800.0,0.014349
24900.0,0.014017
25000.0,0.013672
25100.0,0.01331
25200.0,0.012938
25300.0,0.012555
25400.0,0.012163
25500.0,0.011762
25600.0,0.011354
25700.0,0.010939
25800.0,0.010519
25900.0,0.010093
26000.0,0.009664
26100.0,0.009235
26200.0,0.008803
26300.0,0.008367
26400.0,0.007927
26500.0,0.007483
26600.0,0.007035
26700.0,0.006583
26800.0,0.006126
26900.0,0.005665
27000.0,0.0052
27100.0,0.004727
27200.0,0.004251
27300.0,0.003771
27400.0,0.003289
27500.0,0.002805
27600.0,0.002321
27700.0,0.001836
27800.0,0.001351
27900.0,0.000868
28000.0,0.000386
28100.0,-9.3e-05
28200.0,-0.000569
28300.0,-0.001042
28400.0,-0.001512
28500.0,-0.001978
28600.0,-0.002439
28700.0,-0.002896
28800.0,-0.003348
28900.0,-0.003795
29000.0,-0.004237
29100.0,-0.004673
29200.0,-0.005103
29300.0,-0.005527
29400.0,-0.005944
29500.0,-0.006355
29600.0,-0.006759
29700.0,-0.007156
29800.0,-0.007545
29900.0,-0.007928
30000.0,-0.008302
30100.0,-0.008667
30200.0,-0.009024
30300.0,-0.009373
30400.0,-0.009713
30500.0,-0.010045
30600.0,-0.010369
30700.0,-0.010683
30800.0,-0.010989
30900.0,-0.011286
31000.0,-0.011574
31100.0,-0.011856
31200.0,-0.012128
31300.0,-0.012391
31400.0,-0.012643
31500.0,-0.012884
31600.0,-0.013114
31700.0,-0.013332
31800.0,-0.013539
31900.0,-0.013733
32000.0,-0.013914
32100.0,-0.01408
32200.000000000004,-0.014234
32299.999999999996,-0.014376
32400.0,-0.014505
32500.0,-0.014624
32600.0,-0.014731
32700.000000000004,-0.014827
32800.0,-0.014912
32900.0,-0.014987
33000.0,-0.015053
33100.0,-0.015109
33200.0,-0.015155
33300.0,-0.015192
33400.0,-0.015218
33500.0,-0.015234
33600.0,-0.01524
33700.0,-0.015236
33800.0,-0.015222
33900.0,-0.015198
34000.0,-0.015164
34100.0,-0.01512
34200.0,-0.015067
34300.0,-0.015003
34400.0,-0.01493
34500.0,-0.014847
34600.0,-0.014753
34700.0,-0.01465
34800.0,-0.014537
34900.0,-0.014414
35000.0,-0.014281
35100.0,-0.014137
35200.0,-0.013983
35300.0,-0.013821
35400.0,-0.013649
35500.0,-0.013469
35600.0,-0.01328
35700.0,-0.013084
35800.0,-0.012881
35900.0,-0.01267
36000.0,-0.012452
36100.0,-0.012228
36200.0,-0.011999
36300.0,-0.011763
36400.0,-0.011521
36500.0,-0.011275
36600.0,-0.011023
36700.0,-0.010766
36800.0,-0.010505
36900.0,-0.01024
37000.0,-0.00997
37100.0,-0.009697
37200.0,-0.009421
37300.0,-0.00914
37400.0,-0.008855
37500.0,-0.008565
37600.0,-0.00827
37700.0,-0.00797
37800.0,-0.007666
37900.0,-0.007357
38000.0,-0.007044
38100.0,-0.006723
38200.0,-0.006398
38300.0,-0.006069
38400.0,-0.005738
38500.0,-0.005405
38600.0,-0.00507
38700.0,-0.004734
38800.0,-0.004397
38900.0,-0.004059
39000.0,-0.003722
39100.0,-0.003388
39200.0,-0.003054
39300.0,-0.00272
39400.0,-0.002387
39500.0,-0.002055
39600.0,-0.001723
39700.0,-0.001391
39800.0,-0.00106
39900.0,-0.000729
40000.0,-0.000398
40100.0,-6.8e-05
40200.0,0.000261
40300.0,0.00059
40400.0,0.000918
40500.0,0.001245
40600.0,0.001571
40700.0,0.001896
40800.0,0.00222
40900.0,0.002542
41000.0,0.002863
41100.0,0.003183
41200.0,0.003502
41300.0,0.003818
41400.0,0.004132
41500.0,0.004443
41600.0,0.00475
41700.0,0.005055
41800.0,0.005356
41900.0,0.005653
42000.0,0.005946
42100.0,0.006234
42200.0,0.006518
42300.0,0.006798
42400.0,0.007074
42500.0,0.007344
42600.0,0.00761
42700.0,0.007872
42800.0,0.008128
42900.0,0.008379
43000.0,0.008626
43100.0,0.008865
43200.0,0.009099
43300.0,0.009329
43400.0,0.009554
43500.0,0.009774
43600.0,0.009991
43700.0,0.010203
43800.0,0.010411
43900.0,0.010616
44000.0,0.010816
44100.0,0.011016
44200.0,0.011212
44300.0,0.011403
44400.0,0.011589
44500.0,0.011769
44600.0,0.011943
44700.0,0.01211
44800.0,0.01227
44900.0,0.012422
45000.0,0.012566
45100.0,0.012699
45200.0,0.012824
45300.0,0.012941
45400.0,0.013051
45500.0,0.013154
45600.0,0.01325
45700.0,0.01334
45800.0,0.013423
45900.0,0.013501
46000.0,0.013573
46100.0,0.013641
46200.0,0.013703
46300.0,0.01376
46400.0,0.01381
46500.0,0.013855
46600.0,0.013893
46700.0,0.013925
46800.0,0.01395
46900.0,0.013968
47000.0,0.013979
47100.0,0.013982
47200.0,0.013978
47300.0,0.013967
47400.0,0.013948
47500.0,0.013922
47600.0,0.013889
47700.0,0.013848
47800.0,0.013799
47900.0,0.013744
48000.0,0.01368
48100.0,0.013611
48200.0,0.013534
48300.0,0.013449
48400.0,0.013357
48500.0,0.013258
48600.0,0.013151
48700.0,0.013036
48800.0,0.012913
48900.0,0.012782
49000.0,0.012643
49100.0,0.012494
49200.0,0.012336
49300.0,0.012172
49400.0,0.012
49500.0,0.011821
49600.0,0.011636
49700.0,0.011446
49800.0,0.011249
49900.0,0.011048
50000.0,0.010842
50100.0,0.010635
50200.0,0.010424
50300.0,0.010207
50400.0,0.009984
50500.0,0.009756
50600.0,0.00952
50700.0,0.009278
50800.0,0.009028
50900.0,0.00877
51000.0,0.008504
51100.0,0.008225
51200.0,0.007938
51300.0,0.007644
51400.0,0.007343
51500.0,0.007035
51600.0,0.006721
51700.0,0.006402
51800.0,0.006077
51900.0,0.005749
52000.0,0.005416
52100.0,0.005082
52200.0,0.004745
52300.0,0.004404
52400.0,0.00406
52500.0,0.003713
52600.0,0.003362
52700.0,0.003009
52800.0,0.002653
52900.0,0.002293
53000.0,0.001931
53100.0,0.001566
53200.0,0.001198
53300.0,0.000827
53400.0,0.000453
53500.0,7.7e-05
53600.0,-0.000303
53700.0,-0.000685
53800.0,-0.001069
53900.0,-0.001456
54000.0,-0.001846
54100.0,-0.002239
54200.0,-0.002633
54300.0,-0.003029
54400.0,-0.003426
54500.0,-0.003824
54600.0,-0.004222
54700.0,-0.00462
54800.0,-0.005017
54900.0,-0.005414
55000.0,-0.005809
55100.0,-0.006203
55200.0,-0.006594
55300.0,-0.006984
55400.0,-0.007371
55500.0,-0.007754
55600.0,-0.008135
55700.0,-0.008512
55800.0,-0.008885
55900.0,-0.009253
56000.0,-0.009617
56100.0,-0.009975
56200.0,-0.010328
56300.0,-0.010676
56400.0,-0.011019
56500.0,-0.011359
56600.0,-0.011694
56700.0,-0.012024
56800.0,-0.01235
56900.0,-0.012672
57000.0,-0.012989
57100.0,-0.013304
57200.0,-0.013614
57300.0,-0.013917
57400.0,-0.014214
57500.0,-0.014504
57600.0,-0.014786
57700.0,-0.015059
57800.0,-0.015323
57900.0,-0.015578
58000.0,-0.015823
58100.0,-0.016056
58200.0,-0.016279
58300.0,-0.016492
58400.0,-0.016694
58500.0,-0.016886
58600.0,-0.017067
58700.0,-0.017237
58800.0,-0.017397
58900.0,-0.017546
59000.0,-0.017684
59100.0,-0.01781
59200.0,-0.017925
59300.0,-0.018029
59400.0,-0.018121
59500.0,-0.018202
59600.0,-0.018272
59700.0,-0.01833
59800.0,-0.018378
59900.0,-0.018413
60000.0,-0.018438
60100.0,-0.018453
60200.0,-0.018456
60300.0,-0.018447
60400.0,-0.018425
60500.0,-0.018391
60600.0,-0.018343
60700.0,-0.018282
60800.0,-0.018207
60900.0,-0.018118
61000.0,-0.018015
61100.0,-0.017896
61200.0,-0.017763
61300.0,-0.017615
61400.0,-0.017454
61500.0,-0.017278
61600.0,-0.017089
61700.0,-0.016886
61800.0,-0.01667
61900.0,-0.016441
62000.0,-0.016199
62100.0,-0.015945
62200.0,-0.015678
62300.0,-0.015399
62400.0,-0.015108
62500.0,-0.014805
62600.0,-0.01449
62700.0,-0.014164
62800.0,-0.013826
62900.0,-0.013477
63000.0,-0.013117
63100.0,-0.012746
63200.0,-0.012363
63300.0,-0.01197
63400.0,-0.011565
63500.0,-0.01115
63600.0,-0.010723
63700.0,-0.010287
63800.0,-0.00984
63900.0,-0.009383
64000.0,-0.008916
64099.99999999999,-0.008441
64200.0,-0.007957
64300.0,-0.007465
64400.00000000001,-0.006965
64500.0,-0.006456
64599.99999999999,-0.005941
64700.0,-0.005417
64800.0,-0.004887
64900.00000000001,-0.004349
65000.0,-0.003805
65099.99999999999,-0.003252
65200.0,-0.002693
65300.0,-0.002128
65400.00000000001,-0.001558
65500.0,-0.000984
65600.0,-0.000407
65700.0,0.000173
65800.0,0.000756
65900.0,0.001339
66000.0,0.001923
66100.0,0.002504
66200.0,0.003084
66300.0,0.003664
66400.0,0.004243
66500.0,0.004822
66600.0,0.005399
66700.0,0.005975
66800.0,0.00655
66900.0,0.007125
67000.0,0.007697
67100.0,0.008271
67200.0,0.008843
67300.0,0.009412
67400.0,0.009977
67500.0,0.010539
67600.0,0.011095
67700.0,0.011647
67800.0,0.012192
67900.0,0.01273
68000.0,0.013261
68100.0,0.013783
68200.0,0.014296
68300.0,0.014799
68400.0,0.015293
68500.0,0.015777
68600.0,0.01625
68700.0,0.016713
68800.0,0.017164
68900.0,0.017603
69000.0,0.018031
69100.0,0.018446
69200.0,0.018849
69300.0,0.019239
69400.0,0.019616
69500.0,0.01998
69600.0,0.020331
69700.0,0.020668
69800.0,0.020991
69900.0,0.0213
70000.0,0.021594
70100.0,0.021872
70200.0,0.022136
70300.0,0.022383
70400.0,0.022615
70500.0,0.022831
70600.0,0.02303
70700.0,0.023213
70800.0,0.023379
70900.0,0.023528
71000.0,0.023659
71100.0,0.023776
71200.0,0.023875
71300.0,0.023955
71400.0,0.024017
71500.0,0.02406
71600.0,0.024084
71700.0,0.024088
71800.0,0.024073
71900.0,0.024038
72000.0,0.023982
72100.0,0.023903
72200.0,0.023805
72300.0,0.023687
72400.0,0.02355
72500.0,0.023394
72600.0,0.023221
72700.0,0.023029
72800.0,0.02282
72900.0,0.022593
73000.0,0.02235
73100.0,0.022092
73200.0,0.021818
73300.0,0.021526
73400.0,0.021217
73500.0,0.02089
73600.0,0.020546
73700.0,0.020185
73800.0,0.019805
73900.0,0.019408
74000.0,0.018993
74100.0,0.018559
74200.0,0.018108
74300.0,0.01764
74400.0,0.017155
74500.0,0.016655
74600.0,0.016139
74700.0,0.015608
74800.0,0.015063
74900.0,0.014504
75000.0,0.013932
75100.0,0.013348
75200.0,0.012751
75300.0,0.012144
75400.0,0.011525
75500.0,0.010895
75600.0,0.010254
75700.0,0.009603
75800.0,0.008943
75900.0,0.008273
76000.0,0.007594
76100.0,0.006904
76200.0,0.006207
76300.0,0.005501
76400.0,0.004788
76500.0,0.004067
76600.0,0.003341
76700.0,0.002609
76800.0,0.001872
76900.0,0.001131
77000.0,0.000386
77100.0,-0.000359
77200.0,-0.001107
77300.0,-0.001856
77400.0,-0.002607
77500.0,-0.003359
77600.0,-0.004111
77700.0,-0.004864
77800.0,-0.005616
77900.0,-0.006368
78000.0,-0.007119
78100.0,-0.00787
78200.0,-0.00862
78300.0,-0.009366
78400.0,-0.010109
78500.0,-0.010846
78600.0,-0.011579
78700.0,-0.012304
78800.0,-0.013023
78900.0,-0.013733
79000.0,-0.014435
79100.0,-0.015126
79200.0,-0.015807
79300.0,-0.016478
79400.0,-0.017139
79500.0,-0.017789
79600.0,-0.018428
79700.0,-0.019055
79800.0,-0.019671
79900.0,-0.020275
80000.0,-0.020866
80100.0,-0.021445
80200.0,-0.02201
80300.0,-0.022562
80400.0,-0.023099
80500.0,-0.023621
80600.0,-0.024127
80700.0,-0.024618
80800.0,-0.025092
80900.0,-0.025549
81000.0,-0.025989
81100.0,-0.02641
81200.0,-0.026814
81300.0,-0.027198
81400.0,-0.027562
81500.0,-0.027907
81600.0,-0.028231
81700.0,-0.028535
81800.0,-0.028817
81900.0,-0.029079
82000.0,-0.029319
82100.0,-0.029538
82200.0,-0.029736
82300.0,-0.029912
82400.0,-0.030066
82500.0,-0.030198
82600.0,-0.030309
82700.0,-0.030397
82800.0,-0.030463
82900.0,-0.030506
83000.0,-0.030527
83100.0,-0.030523
83200.0,-0.030495
83300.0,-0.030444
83400.0,-0.03037
83500.0,-0.030273
83600.0,-0.030153
83700.0,-0.03001
83800.0,-0.029845
83900.0,-0.029656
84000.0,-0.029446
84100.0,-0.029216
84200.0,-0.028964
84300.0,-0.028689
84400.0,-0.028392
84500.0,-0.028073
84600.0,-0.027731
84700.0,-0.027366
84800.0,-0.026979
84900.0,-0.02657
85000.0,-0.026138
85100.0,-0.025682
85200.0,-0.025204
85300.0,-0.024705
85400.0,-0.024186
85500.0,-0.023646
85600.0,-0.023086
85700.0,-0.022507
85800.0,-0.021909
85900.0,-0.021293
86000.0,-0.02066
86100.0,-0.020009
86200.0,-0.019342
86300.0,-0.018659
86400.0,-0.01796
86500.0,-0.017246
86600.0,-0.016516
86700.0,-0.015772
86800.0,-0.015014
86900.0,-0.014242
87000.0,-0.013456
87100.0,-0.012658
87200.0,-0.011847
87300.0,-0.011024
87400.0,-0.010189
87500.0,-0.009342
87600.0,-0.008485
87700.0,-0.007618
87800.0,-0.006741
87900.0,-0.005856
88000.0,-0.004962
88100.0,-0.004062
88200.0,-0.003156
88300.0,-0.002245
88400.0,-0.00133
88500.0,-0.00041
88600.0,0.000512
88700.0,0.001436
88800.0,0.002363
88900.0,0.00329
89000.0,0.004219
89100.0,0.005149
89200.0,0.006079
89300.0,0.007009
89400.0,0.007936
89500.0,0.008862
89600.0,0.009784
89700.0,0.010702
89800.0,0.011615
89900.0,0.012522
90000.0,0.013422
90100.0,0.014312
90200.0,0.015193
90300.0,0.016066
90400.0,0.016929
90500.0,0.017783
90600.0,0.018626
90700.0,0.019458
90800.0,0.020279
90900.0,0.021089
91000.0,0.021885
91100.0,0.022672
91200.0,0.023445
91300.0,0.024204
91400.0,0.024947
91500.0,0.025674
91600.0,0.026383
91700.0,0.027075
91800.0,0.027748
91900.0,0.028402
92000.0,0.029036
92100.0,0.029649
92200.0,0.03024
92300.0,0.03081
92400.0,0.031359
92500.0,0.031885
92600.0,0.032389
92700.0,0.032871
92800.0,0.033329
92900.0,0.033763
93000.0,0.034174
93100.0,0.03456
93200.0,0.034921
93300.0,0.035257
93400.0,0.035568
93500.0,0.035852
93600.0,0.036111
93700.0,0.036343
93800.0,0.036548
93900.0,0.036725
94000.0,0.036876
94100.0,0.036998
94200.0,0.037092
94300.0,0.037159
94400.0,0.037196
94500.0,0.037205
94600.0,0.037186
94700.0,0.037138
94800.0,0.037062
94900.0,0.036957
95000.0,0.036824
95100.0,0.036664
95200.0,0.036477
95300.0,0.036261
95400.0,0.036017
95500.0,0.035744
95600.0,0.035443
95700.0,0.035113
95800.0,0.034754
95900.0,0.034366
96000.0,0.03395
96100.0,0.0335
96200.0,0.033022
96300.0,0.032517
96400.0,0.031984
96500.0,0.031425
96600.0,0.03084
96700.0,0.030229
96800.0,0.029595
96900.0,0.028937
97000.0,0.028256
97100.0,0.027557
97200.0,0.026835
97300.0,0.026091
97400.0,0.025325
97500.0,0.024537
97600.0,0.023728
97700.0,0.022896
97800.0,0.022044
97900.0,0.02117
98000.0,0.020276
98100.0,0.019359
98200.0,0.018423
98300.0,0.017468
98400.0,0.016497
98500.0,0.015509
98600.0,0.014505
98700.0,0.013487
98800.0,0.012456
98900.0,0.011412
99000.0,0.010357
99100.0,0.009291
99200.0,0.008215
99300.0,0.007129
99400.0,0.006036
99500.0,0.004935
99600.0,0.003828
99700.0,0.002715
99800.0,0.001597
99900.0,0.000475
100000.0,-0.00065
100100.0,-0.001776
100200.0,-0.002904
100300.0,-0.004033
100400.0,-0.005162
100500.0,-0.00629
100600.0,-0.007416
100700.0,-0.00854
100800.0,-0.009661
100900.0,-0.010778
101000.0,-0.01189
101100.0,-0.012997
101200.0,-0.014096
101300.0,-0.015187
101400.0,-0.016269
101500.0,-0.017341
101600.0,-0.018402
101700.0,-0.01945
101800.0,-0.020485
101900.0,-0.021506
102000.0,-0.022512
102100.0,-0.023503
102200.0,-0.024478
102300.0,-0.025434
102400.0,-0.026372
102500.0,-0.02729
102600.0,-0.028188
102700.0,-0.029064
102800.0,-0.029917
102900.0,-0.030748
103000.0,-0.031554
103100.0,-0.032334
103200.0,-0.033088
103300.0,-0.033817
103400.0,-0.034519
103500.0,-0.035195
103600.0,-0.035845
103700.0,-0.036467
103800.0,-0.03706
103900.0,-0.037626
104000.0,-0.038162
104100.0,-0.03867
104200.0,-0.039147
104300.0,-0.039593
104400.0,-0.040006
104500.0,-0.040386
104600.0,-0.040733
104700.0,-0.041046
104800.0,-0.041324
104900.0,-0.041568
105000.0,-0.041776
105100.0,-0.041949
105200.0,-0.042087
105300.0,-0.04219
105400.0,-0.042257
105500.0,-0.042289
105600.0,-0.042284
105700.0,-0.042244
105800.0,-0.042168
105900.0,-0.042055
106000.0,-0.041907
106100.0,-0.04172
106200.0,-0.041497
106300.0,-0.041238
106400.0,-0.040944
106500.0,-0.040614
106600.0,-0.040249
106700.0,-0.039849
106800.0,-0.039415
106900.0,-0.038946
107000.0,-0.038444
107100.0,-0.03791
107200.0,-0.037344
107300.0,-0.036744
107400.0,-0.036112
107500.0,-0.035447
107600.0,-0.03475
107700.0,-0.034022
107800.0,-0.033263
107900.0,-0.032474
108000.0,-0.031654
108100.0,-0.030804
108200.0,-0.029925
108300.0,-0.029019
108400.0,-0.028085
108500.0,-0.027126
108600.0,-0.026141
108700.0,-0.025132
108800.0,-0.0241
108900.0,-0.023045
109000.0,-0.02197
109100.0,-0.020874
109200.0,-0.01976
109300.0,-0.018627
109400.0,-0.017478
109500.0,-0.016312
109600.0,-0.015131
109700.0,-0.013936
109800.0,-0.012727
109900.0,-0.011506
110000.0,-0.010274
110100.0,-0.00903
110200.0,-0.007776
110300.0,-0.006513
110400.0,-0.005243
110500.0,-0.003967
110600.0,-0.002685
110700.0,-0.001399
110800.0,-0.000111
110900.0,0.001178
111000.0,0.002467
111100.0,0.003753
111200.0,0.005036
111300.0,0.006314
111400.0,0.007587
111500.0,0.008854
111600.0,0.010114
111700.0,0.011365
111800.0,0.012608
111900.0,0.01384
112000.0,0.015061
112100.0,0.016274
112200.0,0.017473
112300.0,0.018658
112400.0,0.019828
112500.0,0.020981
112600.0,0.022117
112700.0,0.023233
112800.0,0.024329
112900.0,0.025403
113000.0,0.026454
113100.0,0.027479
113200.0,0.028479
113300.0,0.029453
113400.0,0.030401
113500.0,0.031323
113600.0,0.032216
113700.0,0.033081
113800.0,0.033917
113900.0,0.034724
114000.0,0.035501
114100.0,0.036249
114200.0,0.036966
114300.0,0.037651
114400.0,0.038303
114500.0,0.038923
114600.0,0.039508
114700.0,0.040059
114800.0,0.040575
114900.0,0.041055
115000.0,0.041499
115100.0,0.041905
115200.0,0.042274
115300.0,0.042604
115400.0,0.042897
115500.0,0.043151
115600.0,0.043367
115700.0,0.043544
115800.0,0.043683
115900.0,0.043783
116000.0,0.043845
116100.0,0.043869
116200.0,0.043856
116300.0,0.043806
116400.0,0.043718
116500.0,0.043594
116600.0,0.043432
116700.0,0.043234
116800.0,0.042999
116900.0,0.042727
117000.0,0.042419
117100.0,0.042074
117200.0,0.041692
117300.0,0.041274
117400.0,0.040821
117500.0,0.040332
117600.0,0.039808
117700.0,0.03925
117800.0,0.038659
117900.0,0.038035
118000.0,0.037378
118100.0,0.036691
118200.0,0.035974
118300.0,0.035226
118400.0,0.034449
118500.0,0.033644
118600.0,0.032812
118700.0,0.031952
118800.0,0.031067
118900.0,0.030157
119000.0,0.029223
119100.0,0.028265
119200.0,0.027286
119300.0,0.026284
119400.0,0.025263
119500.0,0.024221
119600.0,0.023161
119700.0,0.022083
119800.0,0.020988
119900.0,0.019877
120000.0,0.018751
120100.0,0.017609
120200.0,0.016454
120300.0,0.015288
120400.0,0.01411
120500.0,0.012922
120600.0,0.011725
120700.0,0.010521
120800.0,0.00931
120900.0,0.008093
121000.0,0.006873
121100.0,0.005649
121200.0,0.004424
121300.0,0.003197
121400.0,0.001969
121500.0,0.000742
121600.0,-0.000484
121700.0,-0.001708
121800.0,-0.002927
121900.0,-0.004143
122000.0,-0.005352
122100.0,-0.006555
122200.0,-0.00775
122300.0,-0.008936
122400.0,-0.010111
122500.0,-0.011276
122600.0,-0.012428
122700.0,-0.013568
122800.0,-0.014693
122900.0,-0.015805
123000.0,-0.016901
123100.0,-0.017982
123200.0,-0.019047
123300.0,-0.020095
123400.0,-0.021124
123500.0,-0.022135
123600.0,-0.023126
123700.0,-0.024097
123800.0,-0.025047
123900.0,-0.025975
124000.0,-0.02688
124100.0,-0.02776
124200.0,-0.028615
124300.0,-0.029446
124400.0,-0.030251
124500.0,-0.03103
124600.0,-0.031782
124700.0,-0.032507
124800.0,-0.033204
124900.0,-0.033873
125000.0,-0.034514
125100.0,-0.035125
125200.0,-0.035707
125300.0,-0.03626
125400.0,-0.036782
125500.0,-0.037274
125600.0,-0.037736
125700.0,-0.038166
125800.0,-0.038567
125900.0,-0.038936
126000.0,-0.039274
126100.0,-0.039583
126200.0,-0.03986
126300.0,-0.040107
126400.0,-0.040321
126500.0,-0.040505
126600.0,-0.040656
126700.0,-0.040775
126800.0,-0.040863
126900.0,-0.040918
127000.0,-0.040942
127100.0,-0.040931
127200.0,-0.040889
127300.0,-0.040815
127400.0,-0.04071
127500.0,-0.040575
127600.0,-0.040408
127700.0,-0.040211
127800.0,-0.039985
127900.0,-0.039728
128000.0,-0.039442
128100.0,-0.039127
128199.99999999999,-0.038783
128300.00000000001,-0.038411
128400.0,-0.038009
128500.0,-0.03758
128600.0,-0.037123
128699.99999999999,-0.036639
128800.00000000001,-0.036128
128900.0,-0.035592
129000.0,-0.03503
129100.0,-0.034446
129199.99999999999,-0.033838
129300.00000000001,-0.033207
129400.0,-0.032553
129500.0,-0.031878
129600.0,-0.031181
129699.99999999999,-0.030463
129800.00000000001,-0.029725
129900.0,-0.028966
130000.0,-0.028188
130100.0,-0.027389
130199.99999999999,-0.026571
130300.00000000001,-0.025735
130400.0,-0.024882
130500.0,-0.024012
130600.0,-0.023128
130699.99999999999,-0.022229
130800.00000000001,-0.021316
130900.0,-0.020391
131000.0,-0.019454
131100.0,-0.018507
131200.0,-0.01755
131300.0,-0.016584
131400.0,-0.015608
131500.0,-0.014624
131600.0,-0.013633
131700.0,-0.012634
131800.0,-0.01163
131900.0,-0.01062
132000.0,-0.009605
132100.0,-0.008586
132200.0,-0.007564
132300.0,-0.00654
132400.0,-0.005515
132500.0,-0.004489
132600.0,-0.003464
132700.0,-0.00244
132800.0,-0.001417
132900.0,-0.000397
133000.0,0.000619
133100.0,0.001632
133200.0,0.002639
133300.0,0.003641
133400.0,0.004637
133500.0,0.005626
133600.0,0.006607
133700.0,0.00758
133800.0,0.008543
133900.0,0.009498
134000.0,0.010443
134100.0,0.011377
134200.0,0.012301
134300.0,0.013213
134400.0,0.014113
134500.0,0.015
134600.0,0.015874
134700.0,0.016733
134800.0,0.017578
134900.0,0.018406
135000.0,0.019217
135100.0,0.020009
135200.0,0.020783
135300.0,0.021537
135400.0,0.022271
135500.0,0.022986
135600.0,0.02368
135700.0,0.024354
135800.0,0.025008
135900.0,0.025641
136000.0,0.026254
136100.0,0.026849
136200.0,0.027424
136300.0,0.027978
136400.0,0.028511
136500.0,0.029023
136600.0,0.029512
136700.0,0.02998
136800.0,0.030424
136900.0,0.030845
137000.0,0.031242
137100.0,0.031613
137200.0,0.031958
137300.0,0.032279
137400.0,0.032575
137500.0,0.032846
137600.0,0.033092
137700.0,0.033312
137800.0,0.033508
137900.0,0.033678
138000.0,0.033823
138100.0,0.033944
138200.0,0.03404
138300.0,0.034111
138400.0,0.034157
138500.0,0.034178
138600.0,0.034175
138700.0,0.034148
138800.0,0.034097
138900.0,0.034022
139000.0,0.033923
139100.0,0.033801
139200.0,0.033657
139300.0,0.033489
139400.0,0.033299
139500.0,0.033085
139600.0,0.032849
139700.0,0.032591
139800.0,0.03231
139900.0,0.032007
140000.0,0.031682
140100.0,0.031334
140200.0,0.030965
140300.0,0.030575
140400.0,0.030165
140500.0,0.029735
140600.0,0.029285
140700.0,0.028817
140800.0,0.028329
140900.0,0.027823
141000.0,0.027299
141100.0,0.026758
141200.0,0.026199
141300.0,0.025624
141400.0,0.025032
141500.0,0.024425
141600.0,0.023804
141700.0,0.023167
141800.0,0.022518
141900.0,0.021855
142000.0,0.021179
142100.0,0.020494
142200.0,0.019798
142300.0,0.019091
142400.0,0.018374
142500.0,0.017646
142600.0,0.016909
142700.0,0.016163
142800.0,0.015407
142900.0,0.014643
143000.0,0.013872
143100.0,0.01309
143200.0,0.012301
143300.0,0.011506
143400.0,0.010707
143500.0,0.009902
143600.0,0.009094
143700.0,0.008283
143800.0,0.00747
143900.0,0.006655
144000.0,0.005839
144100.0,0.005024
144200.0,0.004208
144300.0,0.003392
144400.0,0.002577
144500.0,0.001762
144600.0,0.000949
144700.0,0.000138
144800.0,-0.000671
144900.0,-0.001477
145000.0,-0.002279
145100.0,-0.003076
145200.0,-0.003869
145300.0,-0.004655
145400.0,-0.005436
145500.0,-0.006209
145600.0,-0.006975
145700.0,-0.007732
145800.0,-0.008481
145900.0,-0.009222
146000.0,-0.009953
146100.0,-0.010675
146200.0,-0.011388
146300.0,-0.01209
146400.0,-0.012783
146500.0,-0.013464
146600.0,-0.014134
146700.0,-0.014793
146800.0,-0.01544
146900.0,-0.016074
147000.0,-0.016697
147100.0,-0.017306
147200.0,-0.017902
147300.0,-0.018484
147400.0,-0.019052
147500.0,-0.019606
147600.0,-0.020144
147700.0,-0.020667
147800.0,-0.021175
147900.0,-0.021666
148000.0,-0.02214
148100.0,-0.022596
148200.0,-0.023035
148300.0,-0.023458
148400.0,-0.023862
148500.0,-0.02425
148600.0,-0.02462
148700.0,-0.024973
148800.0,-0.025309
148900.0,-0.025627
149000.0,-0.025927
149100.0,-0.026212
149200.0,-0.026479
149300.0,-0.026728
149400.0,-0.026958
149500.0,-0.02717
149600.0,-0.027363
149700.0,-0.027538
149800.0,-0.027693
149900.0,-0.02783
150000.0,-0.027948
150100.0,-0.028047
150200.0,-0.028127
150300.0,-0.02819
150400.0,-0.028234
150500.0,-0.028261
150600.0,-0.02827
150700.0,-0.028262
150800.0,-0.028235
150900.0,-0.028191
151000.0,-0.028129
151100.0,-0.028049
151200.0,-0.02795
151300.0,-0.027833
151400.0,-0.027697
151500.0,-0.027543
151600.0,-0.02737
151700.0,-0.02718
151800.0,-0.026972
151900.0,-0.026746
152000.0,-0.026504
152100.0,-0.026245
152200.0,-0.025971
152300.0,-0.02568
152400.0,-0.025375
152500.0,-0.025054
152600.0,-0.024719
152700.0,-0.024369
152800.0,-0.024005
152900.0,-0.023628
153000.0,-0.023237
153100.0,-0.022833
153200.0,-0.022415
153300.0,-0.021984
153400.0,-0.02154
153500.0,-0.021083
153600.0,-0.020613
153700.0,-0.020131
153800.0,-0.019635
153900.0,-0.019127
154000.0,-0.018607
154100.0,-0.018072
154200.0,-0.017526
154300.0,-0.016968
154400.0,-0.0164
154500.0,-0.015822
154600.0,-0.015234
154700.0,-0.014637
154800.0,-0.014031
154900.0,-0.013418
155000.0,-0.012798
155100.0,-0.012172
155200.0,-0.011541
155300.0,-0.010902
155400.0,-0.010258
155500.0,-0.009608
155600.0,-0.008952
155700.0,-0.008291
155800.0,-0.007624
155900.0,-0.006953
156000.0,-0.006277
156100.0,-0.005596
156200.0,-0.004911
156300.0,-0.004222
156400.0,-0.003531
156500.0,-0.002838
156600.0,-0.002142
156700.0,-0.001445
156800.0,-0.000747
156900.0,-4.7e-05
157000.0,0.000653
157100.0,0.001353
157200.0,0.002054
157300.0,0.002754
157400.0,0.003454
157500.0,0.004153
157600.0,0.00485
157700.0,0.005546
157800.0,0.006239
157900.0,0.006929
158000.0,0.007615
158100.0,0.008297
158200.0,0.008974
158300.0,0.009646
158400.0,0.010313
158500.0,0.010974
158600.0,0.011629
158700.0,0.012277
158800.0,0.012919
158900.0,0.013554
159000.0,0.014181
159100.0,0.0148
159200.0,0.015412
159300.0,0.016015
159400.0,0.01661
159500.0,0.017195
159600.0,0.017771
159700.0,0.018338
159800.0,0.018894
159900.0,0.019441
160000.0,0.019977
160100.0,0.020504
160200.0,0.021019
160300.0,0.021523
160400.0,0.022016
160500.0,0.022497
160600.0,0.022965
160700.0,0.023421
160800.0,0.023864
160900.0,0.024293
161000.0,0.024708
161100.0,0.025107
161200.0,0.025492
161300.0,0.025862
161400.0,0.026216
161500.0,0.026555
161600.0,0.026879
161700.0,0.027186
161800.0,0.027477
161900.0,0.027752
162000.0,0.02801
162100.0,0.028251
162200.0,0.028476
162300.0,0.028684
162400.0,0.028874
162500.0,0.029047
162600.0,0.029202
162700.0,0.029339
162800.0,0.029459
162900.0,0.029562
163000.0,0.029646
163100.0,0.029714
163200.0,0.029764
163300.0,0.029796
163400.0,0.029811
163500.0,0.029807
163600.0,0.029786
163700.0,0.029747
163800.0,0.029689
163900.0,0.029612
164000.0,0.029517
164100.0,0.029401
164200.0,0.029266
164300.0,0.029112
164400.0,0.028938
164500.0,0.028744
164600.0,0.02853
164700.0,0.028297
164800.0,0.028044
164900.0,0.027772
165000.0,0.027481
165100.0,0.02717
165200.0,0.026841
165300.0,0.026494
165400.0,0.026128
165500.0,0.025745
165600.0,0.025345
165700.0,0.024928
165800.0,0.024494
165900.0,0.024044
166000.0,0.023578
166100.0,0.023099
166200.0,0.022604
166300.0,0.022093
166400.0,0.021567
166500.0,0.021025
166600.0,0.020467
166700.0,0.019894
166800.0,0.019305
166900.0,0.018701
167000.0,0.018081
167100.0,0.017443
167200.0,0.01679
167300.0,0.016123
167400.0,0.015443
167500.0,0.014749
167600.0,0.014042
167700.0,0.013324
167800.0,0.012594
167900.0,0.011853
168000.0,0.011102
168100.0,0.010344
168200.0,0.009576
168300.0,0.008799
168400.0,0.008013
168500.0,0.00722
168600.0,0.006418
168700.0,0.005609
168800.0,0.004793
168900.0,0.003971
169000.0,0.003143
169100.0,0.00231
169200.0,0.001472
169300.0,0.000631
169400.0,-0.000214
169500.0,-0.001062
169600.0,-0.001911
169700.0,-0.002762
169800.0,-0.003614
169900.0,-0.004467
170000.0,-0.005321
170100.0,-0.006174
170200.0,-0.007027
170300.0,-0.00788
170400.0,-0.008731
170500.0,-0.00958
170600.0,-0.010426
170700.0,-0.01127
170800.0,-0.01211
170900.0,-0.012946
171000.0,-0.013777
171100.0,-0.014603
171200.0,-0.015422
171300.0,-0.016234
171400.0,-0.017038
171500.0,-0.017833
171600.0,-0.018617
171700.0,-0.019391
171800.0,-0.020154
171900.0,-0.020904
172000.0,-0.021642
172100.0,-0.022364
172200.0,-0.023072
172300.0,-0.023766
172400.0,-0.024446
172500.0,-0.025111
172600.0,-0.025762
172700.0,-0.026398
172800.0,-0.027019
172900.0,-0.027624
173000.0,-0.028214
173100.0,-0.028791
173200.0,-0.029351
173300.0,-0.029894
173400.0,-0.030418
173500.0,-0.030923
173600.0,-0.031409
173700.0,-0.031874
173800.0,-0.032318
173900.0,-0.03274
174000.0,-0.033139
174100.0,-0.033513
174200.0,-0.033864
174300.0,-0.034191
174400.0,-0.034495
174500.0,-0.034776
174600.0,-0.035032
174700.0,-0.035265
174800.0,-0.035473
174900.0,-0.035657
175000.0,-0.035816
175100.0,-0.035951
175200.0,-0.03606
175300.0,-0.036143
175400.0,-0.0362
175500.0,-0.036231
175600.0,-0.036236
175700.0,-0.036214
175800.0,-0.036165
175900.0,-0.03609
176000.0,-0.035988
176100.0,-0.035861
176200.0,-0.035707
176300.0,-0.035528
176400.0,-0.035322
176500.0,-0.035091
176600.0,-0.034834
176700.0,-0.034551
176800.0,-0.034243
176900.0,-0.033908
177000.0,-0.033549
177100.0,-0.033163
177200.0,-0.032751
177300.0,-0.032314
177400.0,-0.031852
177500.0,-0.031364
177600.0,-0.030851
177700.0,-0.030312
177800.0,-0.029748
177900.0,-0.029159
178000.0,-0.028546
178100.0,-0.027906
178200.0,-0.027243
178300.0,-0.026555
178400.0,-0.025845
178500.0,-0.025113
178600.0,-0.024359
178700.0,-0.023584
178800.0,-0.02279
178900.0,-0.021976
179000.0,-0.021144
179100.0,-0.020297
179200.0,-0.019434
179300.0,-0.018554
179400.0,-0.017658
179500.0,-0.016748
179600.0,-0.015822
179700.0,-0.014881
179800.0,-0.013927
179900.0,-0.012959
180000.0,-0.011978
180100.0,-0.010983
180200.0,-0.009976
180300.0,-0.008958
180400.0,-0.007929
180500.0,-0.00689
180600.0,-0.005841
180700.0,-0.004784
180800.0,-0.003719
180900.0,-0.002647
181000.0,-0.001567
181100.0,-0.000481
181200.0,0.000611
181300.0,0.001706
181400.0,0.002804
181500.0,0.003904
181600.0,0.005004
181700.0,0.006103
181800.0,0.007199
181900.0,0.008292
182000.0,0.009381
182100.0,0.010459
182200.0,0.01153
182300.0,0.012594
182400.0,0.01365
182500.0,0.014698
182600.0,0.015736
182700.0,0.016766
182800.0,0.017786
182900.0,0.018796
183000.0,0.019796
183100.0,0.02079
183200.0,0.021771
183300.0,0.02274
183400.0,0.023696
183500.0,0.024637
183600.0,0.025562
183700.0,0.02647
183800.0,0.02736
183900.0,0.028231
184000.0,0.029083
184100.0,0.029911
184200.0,0.030718
184300.0,0.031502
184400.0,0.032263
184500.0,0.033001
184600.0,0.033714
184700.0,0.034402
184800.0,0.035065
184900.0,0.035701
185000.0,0.03631
185100.0,0.036891
185200.0,0.037444
185300.0,0.037968
185400.0,0.038463
185500.0,0.038928
185600.0,0.039363
185700.0,0.039768
185800.0,0.040141
185900.0,0.040484
186000.0,0.040795
186100.0,0.041075
186200.0,0.041324
186300.0,0.041541
186400.0,0.041725
186500.0,0.041877
186600.0,0.041997
186700.0,0.042085
186800.0,0.04214
186900.0,0.042162
187000.0,0.042152
187100.0,0.04211
187200.0,0.042035
187300.0,0.041926
187400.0,0.041784
187500.0,0.041607
187600.0,0.041396
187700.0,0.04115
187800.0,0.040869
187900.0,0.040553
188000.0,0.040202
188100.0,0.03981
188200.0,0.039384
188300.0,0.038923
188400.0,0.038429
188500.0,0.037901
188600.0,0.037342
188700.0,0.036751
188800.0,0.03613
188900.0,0.03548
189000.0,0.034801
189100.0,0.034099
189200.0,0.03337
189300.0,0.032614
189400.0,0.031831
189500.0,0.031021
189600.0,0.030185
189700.0,0.029322
189800.0,0.028434
189900.0,0.02752
190000.0,0.02658
190100.0,0.025613
190200.0,0.024622
190300.0,0.023608
190400.0,0.022572
190500.0,0.021515
190600.0,0.020438
190700.0,0.019342
190800.0,0.018227
190900.0,0.017096
191000.0,0.015948
191100.0,0.014785
191200.0,0.013608
191300.0,0.012416
191400.0,0.011212
191500.0,0.009997
191600.0,0.00877
191700.0,0.007534
191800.0,0.006289
191900.0,0.005037
192000.0,0.003778
192100.0,0.002515
192200.0,0.001248
192300.0,-2.2e-05
192400.0,-0.001294
192500.0,-0.002566
192600.0,-0.003838
192700.0,-0.005109
192800.0,-0.006377
192900.0,-0.007642
193000.0,-0.008903
193100.0,-0.010157
193200.0,-0.011405
193300.0,-0.012646
193400.0,-0.013879
193500.0,-0.015103
193600.0,-0.016316
193700.0,-0.017519
193800.0,-0.018711
193900.0,-0.01989
194000.0,-0.021055
194100.0,-0.022209
194200.0,-0.023348
194300.0,-0.02447
194400.0,-0.025575
194500.0,-0.026662
194600.0,-0.027728
194700.0,-0.028773
194800.0,-0.029795
194900.0,-0.030794
195000.0,-0.031768
195100.0,-0.032713
195200.0,-0.033631
195300.0,-0.034522
195400.0,-0.035385
195500.0,-0.036219
195600.0,-0.037024
195700.0,-0.037799
195800.0,-0.038544
195900.0,-0.039259
196000.0,-0.039944
196100.0,-0.040598
196200.0,-0.041221
196300.0,-0.041812
196400.0,-0.04237
196500.0,-0.042894
196600.0,-0.043385
196700.0,-0.043842
196800.0,-0.044264
196900.0,-0.044652
197000.0,-0.045004
197100.0,-0.045321
197200.0,-0.045602
197300.0,-0.045848
197400.0,-0.046056
197500.0,-0.046229
197600.0,-0.046363
197700.0,-0.046461
197800.0,-0.04652
197900.0,-0.046541
198000.0,-0.046524
198100.0,-0.046465
198200.0,-0.046368
198300.0,-0.046232
198400.0,-0.046057
198500.0,-0.045843
198600.0,-0.045591
198700.0,-0.045302
198800.0,-0.044974
198900.0,-0.04461
199000.0,-0.04421
199100.0,-0.043775
199200.0,-0.043304
199300.0,-0.042799
199400.0,-0.04226
199500.0,-0.041687
199600.0,-0.041081
199700.0,-0.040443
199800.0,-0.039772
199900.0,-0.039069
200000.0,-0.038336
200100.0,-0.037573
200200.0,-0.036779
200300.0,-0.035956
200400.0,-0.035103
200500.0,-0.034222
200600.0,-0.033311
200700.0,-0.032373
200800.0,-0.031406
200900.0,-0.030413
201000.0,-0.029393
201100.0,-0.028344
201200.0,-0.027271
201300.0,-0.026174
201400.0,-0.025054
201500.0,-0.023913
201600.0,-0.022752
201700.0,-0.021572
201800.0,-0.020374
201900.0,-0.01916
202000.0,-0.017931
202100.0,-0.01669
202200.0,-0.015436
202300.0,-0.014169
202400.0,-0.012891
202500.0,-0.011602
202600.0,-0.010303
202700.0,-0.008995
202800.0,-0.007679
202900.0,-0.006356
203000.0,-0.005026
203100.0,-0.00369
203200.0,-0.002349
203300.0,-0.001006
203400.0,0.00034
203500.0,0.001686
203600.0,0.003031
203700.0,0.004375
203800.0,0.005717
203900.0,0.007055
204000.0,0.008388
204100.0,0.009715
204200.0,0.011036
204300.0,0.012349
204400.0,0.013653
204500.0,0.014949
204600.0,0.016234
204700.0,0.017508
204800.0,0.01877
204900.0,0.020019
205000.0,0.021254
205100.0,0.022475
205200.0,0.02368
205300.0,0.024867
205400.0,0.026035
205500.0,0.027184
205600.0,0.028311
205700.0,0.029417
205800.0,0.030499
205900.0,0.031557
206000.0,0.032589
206100.0,0.033593
206200.0,0.03457
206300.0,0.03552
206400.0,0.036442
206500.0,0.037337
206600.0,0.038203
206700.0,0.039041
206800.0,0.039851
206900.0,0.040631
207000.0,0.041382
207100.0,0.042108
207200.0,0.042803
207300.0,0.043467
207400.0,0.0441
207500.0,0.0447
207600.0,0.045267
207700.0,0.045799
207800.0,0.046297
207900.0,0.046758
208000.0,0.047183
208100.0,0.047568
208200.0,0.047916
208300.0,0.048225
208400.0,0.048497
208500.0,0.048731
208600.0,0.048926
208700.0,0.049084
208800.0,0.049204
208900.0,0.049286
209000.0,0.049331
209100.0,0.049339
209200.0,0.04931
209300.0,0.049244
209400.0,0.049141
209500.0,0.049
209600.0,0.048822
209700.0,0.048607
209800.0,0.048355
209900.0,0.048066
210000.0,0.047741
210100.0,0.047379
210200.0,0.046981
210300.0,0.046547
210400.0,0.046078
210500.0,0.045574
210600.0,0.045036
210700.0,0.044464
210800.0,0.043858
210900.0,0.043219
211000.0,0.042547
211100.0,0.041844
211200.0,0.041109
211300.0,0.040342
211400.0,0.039544
211500.0,0.038715
211600.0,0.037856
211700.0,0.036966
211800.0,0.036046
211900.0,0.035097
212000.0,0.03412
212100.0,0.033111
212200.0,0.032075
212300.0,0.031013
212400.0,0.029927
212500.0,0.028817
212600.0,0.027685
212700.0,0.026532
212800.0,0.02536
212900.0,0.02417
213000.0,0.022963
213100.0,0.021744
213200.0,0.02051
213300.0,0.019262
213400.0,0.018
213500.0,0.016724
213600.0,0.015436
213700.0,0.014135
213800.0,0.012822
213900.0,0.011498
214000.0,0.010164
214100.0,0.008816
214200.0,0.007459
214300.0,0.006094
214400.0,0.004723
214500.0,0.003346
214600.0,0.001965
214700.0,0.000582
214800.0,-0.000802
214900.0,-0.002187
215000.0,-0.00357
215100.0,-0.00495
215200.0,-0.006326
215300.0,-0.007698
215400.0,-0.009063
215500.0,-0.010421
215600.0,-0.011771
215700.0,-0.013112
215800.0,-0.014442
215900.0,-0.015761
216000.0,-0.017067
216100.0,-0.018359
216200.0,-0.019636
216300.0,-0.020898
216400.0,-0.022144
216500.0,-0.023372
216600.0,-0.024583
216700.0,-0.025775
216800.0,-0.026948
216900.0,-0.0281
217000.0,-0.029232
217100.0,-0.030343
217200.0,-0.031431
217300.0,-0.032496
217400.0,-0.033537
217500.0,-0.034552
217600.0,-0.035541
217700.0,-0.036503
217800.0,-0.037438
217900.0,-0.038344
218000.0,-0.03922
218100.0,-0.040068
218200.0,-0.040884
218300.0,-0.041668
218400.0,-0.042419
218500.0,-0.043137
218600.0,-0.04382
218700.0,-0.044468
218800.0,-0.04508
218900.0,-0.045655
219000.0,-0.046193
219100.0,-0.04669
219200.0,-0.04715
219300.0,-0.047571
219400.0,-0.047954
219500.0,-0.048299
219600.0,-0.048605
219700.0,-0.048872
219800.0,-0.049102
219900.0,-0.049293
220000.0,-0.049445
220100.0,-0.049561
220200.0,-0.049638
220300.0,-0.049676
220400.0,-0.049675
220500.0,-0.049634
220600.0,-0.049554
220700.0,-0.049434
220800.0,-0.049275
220900.0,-0.049076
221000.0,-0.048837
221100.0,-0.048559
221200.0,-0.048242
221300.0,-0.047886
221400.0,-0.047492
221500.0,-0.047059
221600.0,-0.046587
221700.0,-0.046077
221800.0,-0.045528
221900.0,-0.044942
222000.0,-0.044317
222100.0,-0.043653
222200.0,-0.042951
222300.0,-0.042213
222400.0,-0.04144
222500.0,-0.040631
222600.0,-0.039789
222700.0,-0.038914
222800.0,-0.038007
222900.0,-0.037069
223000.0,-0.036102
223100.0,-0.035109
223200.0,-0.034089
223300.0,-0.033042
223400.0,-0.031968
223500.0,-0.03087
223600.0,-0.029747
223700.0,-0.028601
223800.0,-0.027431
223900.0,-0.026239
224000.0,-0.025026
224100.0,-0.023792
224200.0,-0.022537
224300.0,-0.021264
224400.0,-0.019973
224500.0,-0.018665
224600.0,-0.01734
224700.0,-0.016001
224800.0,-0.014648
224900.0,-0.013282
225000.0,-0.011904
225100.0,-0.010513
225200.0,-0.009113
225300.0,-0.007706
225400.0,-0.006293
225500.0,-0.004874
225600.0,-0.003453
225700.0,-0.002031
225800.0,-0.000608
225900.0,0.000813
226000.0,0.002231
226100.0,0.003642
226200.0,0.005048
226300.0,0.006447
226400.0,0.007839
226500.0,0.009222
226600.0,0.010595
226700.0,0.011957
226800.0,0.013308
226900.0,0.014646
227000.0,0.01597
227100.0,0.017279
227200.0,0.018572
227300.0,0.019847
227400.0,0.021104
227500.0,0.022341
227600.0,0.023559
227700.0,0.024755
227800.0,0.02593
227900.0,0.027081
228000.0,0.02821
228100.0,0.029317
228200.0,0.030399
228300.0,0.031454
228400.0,0.032481
228500.0,0.033478
228600.0,0.034445
228700.0,0.035379
228800.0,0.03628
228900.0,0.037146
229000.0,0.037976
229100.0,0.038764
229200.0,0.039515
229300.0,0.040227
229400.0,0.040901
229500.0,0.041536
229600.0,0.042133
229700.0,0.042691
229800.0,0.04321
229900.0,0.043691
230000.0,0.044133
230100.0,0.04454
230200.0,0.044908
230300.0,0.045237
230400.0,0.045526
230500.0,0.045776
230600.0,0.045985
230700.0,0.046155
230800.0,0.046283
230900.0,0.046371
231000.0,0.046419
231100.0,0.046424
231200.0,0.046389
231300.0,0.046312
231400.0,0.046194
231500.0,0.046035
231600.0,0.045835
231700.0,0.045594
231800.0,0.045311
231900.0,0.044989
232000.0,0.044625
232100.0,0.04422
232200.0,0.043776
232300.0,0.043292
232400.0,0.042771
232500.0,0.042212
232600.0,0.041617
232700.0,0.040986
232800.0,0.04032
232900.0,0.039621
233000.0,0.038888
233100.0,0.038124
233200.0,0.037329
233300.0,0.036503
233400.0,0.035648
233500.0,0.034765
233600.0,0.033854
233700.0,0.032918
233800.0,0.031955
233900.0,0.030968
234000.0,0.029958
234100.0,0.028928
234200.0,0.027877
234300.0,0.026804
234400.0,0.025712
234500.0,0.0246
234600.0,0.023469
234700.0,0.02232
234800.0,0.021154
234900.0,0.019971
235000.0,0.018773
235100.0,0.017556
235200.0,0.016326
235300.0,0.015083
235400.0,0.013831
235500.0,0.012571
235600.0,0.011303
235700.0,0.010031
235800.0,0.008755
235900.0,0.007478
236000.0,0.0062
236100.0,0.004927
236200.0,0.003656
236300.0,0.002388
236400.0,0.001123
236500.0,-0.000136
236600.0,-0.00139
236700.0,-0.002638
236800.0,-0.003878
236900.0,-0.005111
237000.0,-0.006334
237100.0,-0.007549
237200.0,-0.008753
237300.0,-0.009944
237400.0,-0.011123
237500.0,-0.012287
237600.0,-0.013437
237700.0,-0.01457
237800.0,-0.015687
237900.0,-0.016786
238000.0,-0.017867
238100.0,-0.018929
238200.0,-0.019971
238300.0,-0.020992
238400.0,-0.021991
238500.0,-0.022968
238600.0,-0.023922
238700.0,-0.024851
238800.0,-0.025756
238900.0,-0.026635
239000.0,-0.027488
239100.0,-0.028313
239200.0,-0.029111
239300.0,-0.02988
239400.0,-0.03062
239500.0,-0.031331
239600.0,-0.032011
239700.0,-0.03266
239800.0,-0.033278
239900.0,-0.033865
240000.0,-0.034419
240100.0,-0.034939
240200.0,-0.035426
240300.0,-0.035881
240400.0,-0.036305
240500.0,-0.036696
240600.0,-0.037056
240700.0,-0.037385
240800.0,-0.037683
240900.0,-0.03795
241000.0,-0.038187
241100.0,-0.038397
241200.0,-0.038578
241300.0,-0.038727
241400.0,-0.038846
241500.0,-0.038934
241600.0,-0.03899
241700.0,-0.039014
241800.0,-0.039006
241900.0,-0.038965
242000.0,-0.038892
242100.0,-0.038783
242200.0,-0.038641
242300.0,-0.038467
242400.0,-0.038262
242500.0,-0.038026
242600.0,-0.03776
242700.0,-0.037465
242800.0,-0.037142
242900.0,-0.03679
243000.0,-0.036412
243100.0,-0.03601
243200.0,-0.035583
243300.0,-0.03513
243400.0,-0.034654
243500.0,-0.034155
243600.0,-0.033632
243700.0,-0.033088
243800.0,-0.032521
243900.0,-0.031934
244000.0,-0.031326
244100.0,-0.030697
244200.0,-0.030049
244300.0,-0.029381
244400.0,-0.028695
244500.0,-0.02799
244600.0,-0.027267
244700.0,-0.026527
244800.0,-0.02577
244900.0,-0.024996
245000.0,-0.024208
245100.0,-0.023404
245200.0,-0.022587
245300.0,-0.021756
245400.0,-0.020914
245500.0,-0.020061
245600.0,-0.019197
245700.0,-0.018324
245800.0,-0.017442
245900.0,-0.016552
246000.0,-0.015656
246100.0,-0.014752
246200.0,-0.013843
246300.0,-0.012929
246400.0,-0.012011
246500.0,-0.01109
246600.0,-0.010167
246700.0,-0.009242
246800.0,-0.008317
246900.0,-0.007393
247000.0,-0.00647
247100.0,-0.005551
247200.0,-0.004635
247300.0,-0.003722
247400.0,-0.002813
247500.0,-0.001907
247600.0,-0.001007
247700.0,-0.00011
247800.0,0.00078
247900.0,0.001666
248000.0,0.002545
248100.0,0.00342
248200.0,0.004288
248300.0,0.005149
248400.0,0.006001
248500.0,0.006844
248600.0,0.007677
248700.0,0.0085
248800.0,0.009311
248900.0,0.01011
249000.0,0.010897
249100.0,0.01167
249200.0,0.012428
249300.0,0.013173
249400.0,0.013902
249500.0,0.014616
249600.0,0.015314
249700.0,0.015995
249800.0,0.01666
249900.0,0.017308
250000.0,0.017939
250100.0,0.018552
250200.0,0.019147
250300.0,0.019724
250400.0,0.020284
250500.0,0.020825
250600.0,0.021349
250700.0,0.021854
250800.0,0.022341
250900.0,0.022809
251000.0,0.023259
251100.0,0.02369
251200.0,0.024103
251300.0,0.024496
251400.0,0.02487
251500.0,0.025225
251600.0,0.025561
251700.0,0.025877
251800.0,0.026173
251900.0,0.026451
252000.0,0.026708
252100.0,0.026948
252200.0,0.027168
252300.0,0.027369
252400.0,0.027549
252500.0,0.02771
252600.0,0.02785
252700.0,0.027969
252800.0,0.028068
252900.0,0.028146
253000.0,0.028203
253100.0,0.028236
253200.0,0.028249
253300.0,0.028242
253400.0,0.028215
253500.0,0.028169
253600.0,0.028105
253700.0,0.028022
253800.0,0.027923
253900.0,0.027807
254000.0,0.027675
254100.0,0.027531
254200.0,0.027372
254300.0,0.027197
254400.0,0.027007
254500.0,0.026801
254600.0,0.026581
254700.0,0.026345
254800.0,0.026094
254900.0,0.025828
255000.0,0.025546
255100.0,0.025248
255200.0,0.024935
255300.0,0.024607
255400.0,0.024265
255500.0,0.023909
255600.0,0.023539
255700.0,0.023156
255800.0,0.022761
255900.0,0.022353
256000.0,0.021934
256100.00000000003,0.021503
256200.0,0.021062
256300.0,0.020611
256399.99999999997,0.020149
256500.0,0.019679
256600.00000000003,0.0192
256700.0,0.018713
256800.0,0.018218
256899.99999999997,0.017716
257000.0,0.017207
257100.00000000003,0.016693
257200.0,0.016172
257300.0,0.015645
257399.99999999997,0.015114
257500.0,0.014577
257600.00000000003,0.014036
257700.0,0.013491
257800.0,0.012942
257899.99999999997,0.01239
258000.0,0.011834
258100.00000000003,0.011277
258200.0,0.010717
258300.0,0.010154
258399.99999999997,0.009589
258500.0,0.009021
258600.00000000003,0.008451
258700.0,0.007878
258800.0,0.007303
258899.99999999997,0.006726
259000.0,0.006147
259100.00000000003,0.005562
259200.0,0.004976
259300.0,0.004391
259399.99999999997,0.003806
259500.0,0.003223
259600.00000000003,0.002642
259700.0,0.002064
259800.0,0.00149
259899.99999999997,0.000921
260000.0,0.000358
260100.00000000003,-0.000196
260200.0,-0.000743
260300.0,-0.001286
260399.99999999997,-0.001823
260500.0,-0.002355
260600.00000000003,-0.002882
260700.0,-0.003404
260800.0,-0.003923
260899.99999999997,-0.004437
261000.0,-0.004947
261100.00000000003,-0.005456
261200.0,-0.005961
261300.0,-0.006461
261399.99999999997,-0.006955
261500.0,-0.007445
261600.00000000003,-0.007928
261700.0,-0.008406
261800.0,-0.008876
261899.99999999997,-0.00934
262000.0,-0.009796
262100.00000000003,-0.010243
262200.0,-0.010683
262300.0,-0.011114
262400.0,-0.011537
262500.0,-0.011951
262600.0,-0.012356
262700.0,-0.012752
262800.0,-0.013138
262900.0,-0.013515
263000.0,-0.013882
263100.0,-0.014239
263200.0,-0.014586
263300.0,-0.014924
263400.0,-0.015252
263500.0,-0.01557
263600.0,-0.01588
263700.0,-0.016179
263800.0,-0.01647
263900.0,-0.016751
264000.0,-0.017023
264100.0,-0.017286
264200.0,-0.017539
264300.0,-0.017783
264400.0,-0.018018
264500.0,-0.018243
264600.0,-0.018458
264700.0,-0.018664
264800.0,-0.018861
264900.0,-0.019048
265000.0,-0.019225
265100.0,-0.019394
265200.0,-0.019553
265300.0,-0.019702
265400.0,-0.01984
265500.0,-0.019967
265600.0,-0.020084
265700.0,-0.020189
265800.0,-0.020283
265900.0,-0.020365
266000.0,-0.020436
266100.0,-0.020493
266200.0,-0.020538
266300.0,-0.020572
266400.0,-0.020594
266500.0,-0.020606
266600.0,-0.020607
266700.0,-0.020598
266800.0,-0.020578
266900.0,-0.020548
267000.0,-0.020508
267100.0,-0.020459
267200.0,-0.0204
267300.0,-0.020331
267400.0,-0.020252
267500.0,-0.020163
267600.0,-0.020065
267700.0,-0.019956
267800.0,-0.019839
267900.0,-0.019711
268000.0,-0.019574
268100.0,-0.01943
268200.0,-0.019276
268300.0,-0.019112
268400.0,-0.018938
268500.0,-0.018754
268600.0,-0.01856
268700.0,-0.018354
268800.0,-0.018138
268900.0,-0.01791
269000.0,-0.017671
269100.0,-0.017417
269200.0,-0.017152
269300.0,-0.016875
269400.0,-0.016588
269500.0,-0.01629
269600.0,-0.015983
269700.0,-0.015666
269800.0,-0.015341
269900.0,-0.015007
270000.0,-0.014666
270100.0,-0.014319
270200.0,-0.013966
270300.0,-0.013605
270400.0,-0.013237
270500.0,-0.012861
270600.0,-0.012479
270700.0,-0.012089
270800.0,-0.011691
270900.0,-0.011286
271000.0,-0.010874
271100.0,-0.010453
271200.0,-0.010024
271300.0,-0.009587
271400.0,-0.009143
271500.0,-0.00869
271600.0,-0.00823
271700.0,-0.007762
271800.0,-0.007287
271900.0,-0.006805
272000.0,-0.006316
272100.0,-0.005819
272200.0,-0.005317
272300.0,-0.004809
272400.0,-0.004296
272500.0,-0.003778
272600.0,-0.003256
272700.0,-0.002731
272800.0,-0.002202
272900.0,-0.001669
273000.0,-0.001134
273100.0,-0.000596
273200.0,-5.6e-05
273300.0,0.000486
273400.0,0.001031
273500.0,0.001577
273600.0,0.002125
273700.0,0.002674
273800.0,0.003224
273900.0,0.003774
274000.0,0.004324
274100.0,0.004871
274200.0,0.005418
274300.0,0.005964
274400.0,0.006508
274500.0,0.007052
274600.0,0.007595
274700.0,0.008136
274800.0,0.008677
274900.0,0.009216
275000.0,0.009754
275100.0,0.010294
275200.0,0.010832
275300.0,0.011368
275400.0,0.0119
275500.0,0.012428
275600.0,0.012951
275700.0,0.013468
275800.0,0.013979
275900.0,0.014481
276000.0,0.014976
276100.0,0.015458
276200.0,0.01593
276300.0,0.016393
276400.0,0.016847
276500.0,0.017291
276600.0,0.017725
276700.0,0.018149
276800.0,0.018563
276900.0,0.018968
277000.0,0.019362
277100.0,0.019748
277200.0,0.020124
277300.0,0.020489
277400.0,0.020844
277500.0,0.021188
277600.0,0.021521
277700.0,0.021842
277800.0,0.022151
277900.0,0.022447
278000.0,0.022731
278100.0,0.023002
278200.0,0.023259
278300.0,0.023501
278400.0,0.023728
278500.0,0.02394
278600.0,0.024135
278700.0,0.024313
278800.0,0.024475
278900.0,0.024619
279000.0,0.024745
279100.0,0.024853
279200.0,0.024943
279300.0,0.025016
279400.0,0.025071
279500.0,0.025108
279600.0,0.025129
279700.0,0.025131
279800.0,0.025116
279900.0,0.025084
280000.0,0.025034
280100.0,0.024965
280200.0,0.024879
280300.0,0.024774
280400.0,0.024652
280500.0,0.024511
280600.0,0.024352
280700.0,0.024176
280800.0,0.023981
280900.0,0.023769
281000.0,0.02354
281100.0,0.023295
281200.0,0.023033
281300.0,0.022753
281400.0,0.022455
281500.0,0.02214
281600.0,0.021807
281700.0,0.021457
281800.0,0.021088
281900.0,0.020701
282000.0,0.020296
282100.0,0.019871
282200.0,0.019428
282300.0,0.018969
282400.0,0.018492
282500.0,0.017998
282600.0,0.017488
282700.0,0.016962
282800.0,0.016421
282900.0,0.015865
283000.0,0.015294
283100.0,0.014709
283200.0,0.01411
283300.0,0.013499
283400.0,0.012875
283500.0,0.012239
283600.0,0.011592
283700.0,0.010934
283800.0,0.010265
283900.0,0.009588
284000.0,0.0089
284100.0,0.008207
284200.0,0.007506
284300.0,0.006796
284400.0,0.006078
284500.0,0.005352
284600.0,0.004618
284700.0,0.003876
284800.0,0.003127
284900.0,0.002371
285000.0,0.001607
285100.0,0.000835
285200.0,5.7e-05
285300.0,-0.000726
285400.0,-0.001513
285500.0,-0.002303
285600.0,-0.003095
285700.0,-0.003888
285800.0,-0.004681
285900.0,-0.005474
286000.0,-0.006265
286100.0,-0.007053
286200.0,-0.007838
286300.0,-0.00862
286400.0,-0.009397
286500.0,-0.01017
286600.0,-0.010938
286700.0,-0.0117
286800.0,-0.012455
286900.0,-0.013203
287000.0,-0.013944
287100.0,-0.014675
287200.0,-0.015397
287300.0,-0.01611
287400.0,-0.016814
287500.0,-0.017508
287600.0,-0.018193
287700.0,-0.018867
287800.0,-0.019531
287900.0,-0.020184
288000.0,-0.020826
288100.0,-0.021459
288200.0,-0.02208
288300.0,-0.022687
288400.0,-0.02328
288500.0,-0.023858
288600.0,-0.024421
288700.0,-0.024966
288800.0,-0.025493
288900.0,-0.026002
289000.0,-0.026492
289100.0,-0.026961
289200.0,-0.027409
289300.0,-0.027836
289400.0,-0.028243
289500.0,-0.028628
289600.0,-0.028992
289700.0,-0.029335
289800.0,-0.029656
289900.0,-0.029955
290000.0,-0.030232
290100.0,-0.030487
290200.0,-0.030719
290300.0,-0.03093
290400.0,-0.031118
290500.0,-0.031284
290600.0,-0.031427
290700.0,-0.031548
290800.0,-0.031645
290900.0,-0.03172
291000.0,-0.031772
291100.0,-0.031801
291200.0,-0.031805
291300.0,-0.031786
291400.0,-0.031741
291500.0,-0.031672
291600.0,-0.031577
291700.0,-0.031457
291800.0,-0.031311
291900.0,-0.03114
292000.0,-0.030944
292100.0,-0.030722
292200.0,-0.030475
292300.0,-0.030204
292400.0,-0.029909
292500.0,-0.02959
292600.0,-0.029247
292700.0,-0.02888
292800.0,-0.02849
292900.0,-0.028076
293000.0,-0.02764
293100.0,-0.027179
293200.0,-0.026695
293300.0,-0.026189
293400.0,-0.025661
293500.0,-0.025112
293600.0,-0.024542
293700.0,-0.023951
293800.0,-0.023341
293900.0,-0.022712
294000.0,-0.022065
294100.0,-0.021401
294200.0,-0.020721
294300.0,-0.020023
294400.0,-0.019309
294500.0,-0.018578
294600.0,-0.01783
294700.0,-0.017067
294800.0,-0.016288
294900.0,-0.015494
295000.0,-0.014685
295100.0,-0.013859
295200.0,-0.013019
295300.0,-0.012166
295400.0,-0.0113
295500.0,-0.010423
295600.0,-0.009534
295700.0,-0.008636
295800.0,-0.007728
295900.0,-0.006812
296000.0,-0.005889
296100.0,-0.00496
296200.0,-0.004026
296300.0,-0.003087
296400.0,-0.002144
296500.0,-0.001199
296600.0,-0.000251
296700.0,0.000699
296800.0,0.001649
296900.0,0.0026
297000.0,0.00355
297100.0,0.0045
297200.0,0.005447
297300.0,0.006393
297400.0,0.007337
297500.0,0.008277
297600.0,0.009213
297700.0,0.010144
297800.0,0.01107
297900.0,0.01199
298000.0,0.012902
298100.0,0.013806
298200.0,0.014701
298300.0,0.015586
298400.0,0.01646
298500.0,0.017323
298600.0,0.018174
298700.0,0.019012
298800.0,0.019836
298900.0,0.020646
299000.0,0.021442
299100.0,0.022225
299200.0,0.022992
299300.0,0.023743
299400.0,0.024476
299500.0,0.025192
299600.0,0.025889
299700.0,0.026566
299800.0,0.027223
299900.0,0.027859
300000.0,0.028473
300100.0,0.029061
300200.0,0.029627
300300.0,0.030169
300400.0,0.030687
300500.0,0.031181
300600.0,0.03165
300700.0,0.032095
300800.0,0.032515
300900.0,0.032909
301000.0,0.033279
301100.0,0.033625
301200.0,0.033945
301300.0,0.034239
301400.0,0.034506
301500.0,0.034748
301600.0,0.034962
301700.0,0.035149
301800.0,0.035309
301900.0,0.035441
302000.0,0.035544
302100.0,0.03562
302200.0,0.035666
302300.0,0.035684
302400.0,0.035671
302500.0,0.035629
302600.0,0.035557
302700.0,0.035455
302800.0,0.035323
302900.0,0.035161
303000.0,0.034969
303100.0,0.034747
303200.0,0.034494
303300.0,0.034213
303400.0,0.033904
303500.0,0.033566
303600.0,0.033201
303700.0,0.032809
303800.0,0.032389
303900.0,0.031944
304000.0,0.031473
304100.0,0.030976
304200.0,0.030455
304300.0,0.029908
304400.0,0.029337
304500.0,0.028742
304600.0,0.028122
304700.0,0.027479
304800.0,0.026812
304900.0,0.026123
305000.0,0.025411
305100.0,0.024678
305200.0,0.023923
305300.0,0.023146
305400.0,0.022349
305500.0,0.021532
305600.0,0.020695
305700.0,0.019839
305800.0,0.018964
305900.0,0.018072
306000.0,0.017162
306100.0,0.016235
306200.0,0.015294
306300.0,0.014339
306400.0,0.013371
306500.0,0.012392
306600.0,0.011402
306700.0,0.010403
306800.0,0.009395
306900.0,0.00838
307000.0,0.007359
307100.0,0.006332
307200.0,0.005301
307300.0,0.004264
307400.0,0.003223
307500.0,0.002178
307600.0,0.00113
307700.0,7.9e-05
307800.0,-0.000973
307900.0,-0.002026
308000.0,-0.003078
308100.0,-0.00413
308200.0,-0.005179
308300.0,-0.006224
308400.0,-0.007266
308500.0,-0.008301
308600.0,-0.009331
308700.0,-0.010352
308800.0,-0.011366
308900.0,-0.01237
309000.0,-0.013364
309100.0,-0.014348
309200.0,-0.01532
309300.0,-0.016279
309400.0,-0.017225
309500.0,-0.018157
309600.0,-0.019074
309700.0,-0.019974
309800.0,-0.020858
309900.0,-0.021725
310000.0,-0.022573
310100.0,-0.023402
310200.0,-0.024211
310300.0,-0.025
310400.0,-0.025767
310500.0,-0.026512
310600.0,-0.027233
310700.0,-0.027931
310800.0,-0.028604
310900.0,-0.029253
311000.0,-0.029875
311100.0,-0.030469
311200.0,-0.031037
311300.0,-0.031578
311400.0,-0.032092
311500.0,-0.032579
311600.0,-0.033038
311700.0,-0.03347
311800.0,-0.033874
311900.0,-0.034249
312000.0,-0.034596
312100.0,-0.034917
312200.0,-0.035208
312300.0,-0.035469
312400.0,-0.035699
312500.0,-0.035897
312600.0,-0.036063
312700.0,-0.036197
312800.0,-0.036298
312900.0,-0.036366
313000.0,-0.036401
313100.0,-0.036401
313200.0,-0.036369
313300.0,-0.036304
313400.0,-0.036208
313500.0,-0.036081
313600.0,-0.035922
313700.0,-0.035732
313800.0,-0.035512
313900.0,-0.035262
314000.0,-0.034981
314100.0,-0.034671
314200.0,-0.03433
314300.0,-0.03396
314400.0,-0.03356
314500.0,-0.033131
314600.0,-0.032673
314700.0,-0.032187
314800.0,-0.031673
314900.0,-0.031131
315000.0,-0.030563
315100.0,-0.029969
315200.0,-0.02935
315300.0,-0.028706
315400.0,-0.028037
315500.0,-0.027344
315600.0,-0.026627
315700.0,-0.025887
315800.0,-0.025125
315900.0,-0.02434
316000.0,-0.023535
316100.0,-0.022708
316200.0,-0.021861
316300.0,-0.020996
316400.0,-0.020112
316500.0,-0.019211
316600.0,-0.018294
316700.0,-0.017361
316800.0,-0.016414
316900.0,-0.015453
317000.0,-0.014479
317100.0,-0.013492
317200.0,-0.012494
317300.0,-0.011487
317400.0,-0.01047
317500.0,-0.009446
317600.0,-0.008415
317700.0,-0.007379
317800.0,-0.006338
317900.0,-0.005294
318000.0,-0.004246
318100.0,-0.0032
318200.0,-0.002152
318300.0,-0.001104
318400.0,-5.6e-05
318500.0,0.000991
318600.0,0.002038
318700.0,0.003082
318800.0,0.004124
318900.0,0.005162
319000.0,0.006196
319100.0,0.007227
319200.0,0.008252
319300.0,0.009269
319400.0,0.010277
319500.0,0.011275
319600.0,0.012261
319700.0,0.013235
319800.0,0.014196
319900.0,0.015142
320000.0,0.016074
320100.0,0.016988
320200.0,0.017887
320300.0,0.018768
320400.0,0.019632
320500.0,0.020477
320600.0,0.021303
320700.0,0.02211
320800.0,0.022897
320900.0,0.023662
321000.0,0.024407
321100.0,0.025127
321200.0,0.025825
321300.0,0.0265
321400.0,0.027151
321500.0,0.027778
321600.0,0.028382
321700.0,0.02896
321800.0,0.029514
321900.0,0.030043
322000.0,0.030546
322100.0,0.031024
322200.0,0.031477
322300.0,0.031901
322400.0,0.032299
322500.0,0.032667
322600.0,0.033008
322700.0,0.033319
322800.0,0.033601
322900.0,0.033853
323000.0,0.034076
323100.0,0.034268
323200.0,0.034431
323300.0,0.034564
323400.0,0.034667
323500.0,0.034741
323600.0,0.034786
323700.0,0.034801
323800.0,0.034786
323900.0,0.034742
324000.0,0.034669
324100.0,0.034566
324200.0,0.034433
324300.0,0.034272
324400.0,0.034083
324500.0,0.033866
324600.0,0.033621
324700.0,0.033349
324800.0,0.033051
324900.0,0.032725
325000.0,0.032374
325100.0,0.031998
325200.0,0.031596
325300.0,0.031169
325400.0,0.030716
325500.0,0.030238
325600.0,0.029736
325700.0,0.029209
325800.0,0.028658
325900.0,0.028084
326000.0,0.027487
326100.0,0.026868
326200.0,0.026228
326300.0,0.025567
326400.0,0.024886
326500.0,0.024186
326600.0,0.023468
326700.0,0.022732
326800.0,0.021979
326900.0,0.021209
327000.0,0.020423
327100.0,0.01962
327200.0,0.018802
327300.0,0.017971
327400.0,0.017125
327500.0,0.016268
327600.0,0.015399
327700.0,0.014519
327800.0,0.013629
327900.0,0.01273
328000.0,0.011823
328100.0,0.01091
328200.0,0.009991
328300.0,0.009066
328400.0,0.008136
328500.0,0.007201
328600.0,0.006263
328700.0,0.005322
328800.0,0.004378
328900.0,0.003433
329000.0,0.002487
329100.0,0.00154
329200.0,0.000593
329300.0,-0.000352
329400.0,-0.001295
329500.0,-0.002236
329600.0,-0.003173
329700.0,-0.004106
329800.0,-0.005034
329900.0,-0.005957
330000.0,-0.006873
330100.0,-0.007784
330200.0,-0.008687
330300.0,-0.009581
330400.0,-0.010464
330500.0,-0.011336
330600.0,-0.012196
330700.0,-0.013043
330800.0,-0.013876
330900.0,-0.014695
331000.0,-0.015497
331100.0,-0.016281
331200.0,-0.017048
331300.0,-0.0178
331400.0,-0.018534
331500.0,-0.019252
331600.0,-0.019954
331700.0,-0.020638
331800.0,-0.021305
331900.0,-0.021955
332000.0,-0.022587
332100.0,-0.023202
332200.0,-0.023799
332300.0,-0.024375
332400.0,-0.02493
332500.0,-0.025462
332600.0,-0.025973
332700.0,-0.02646
332800.0,-0.026923
332900.0,-0.027361
333000.0,-0.027775
333100.0,-0.028163
333200.0,-0.028525
333300.0,-0.028863
333400.0,-0.029175
333500.0,-0.029462
333600.0,-0.029724
333700.0,-0.029961
333800.0,-0.030172
333900.0,-0.030358
334000.0,-0.030518
334100.0,-0.030654
334200.0,-0.030763
334300.0,-0.030847
334400.0,-0.030906
334500.0,-0.030939
334600.0,-0.030946
334700.0,-0.030928
334800.0,-0.030885
334900.0,-0.030816
335000.0,-0.030721
335100.0,-0.030601
335200.0,-0.030456
335300.0,-0.030286
335400.0,-0.030091
335500.0,-0.029872
335600.0,-0.029628
335700.0,-0.02936
335800.0,-0.029069
335900.0,-0.028754
336000.0,-0.028416
336100.0,-0.028056
336200.0,-0.027674
336300.0,-0.027269
336400.0,-0.026841
336500.0,-0.026392
336600.0,-0.025921
336700.0,-0.025428
336800.0,-0.024914
336900.0,-0.024381
337000.0,-0.023827
337100.0,-0.023252
337200.0,-0.022659
337300.0,-0.022048
337400.0,-0.021421
337500.0,-0.020778
337600.0,-0.02012
337700.0,-0.019448
337800.0,-0.018763
337900.0,-0.018065
338000.0,-0.017354
338100.0,-0.016634
338200.0,-0.015902
338300.0,-0.015159
338400.0,-0.014406
338500.0,-0.013641
338600.0,-0.012867
338700.0,-0.012083
338800.0,-0.011291
338900.0,-0.01049
339000.0,-0.009682
339100.0,-0.008866
339200.0,-0.008044
339300.0,-0.007218
339400.0,-0.006388
339500.0,-0.005555
339600.0,-0.00472
339700.0,-0.003884
339800.0,-0.003048
339900.0,-0.002213
340000.0,-0.001378
340100.0,-0.000546
340200.0,0.000283
340300.0,0.001108
340400.0,0.00193
340500.0,0.002746
340600.0,0.003557
340700.0,0.004361
340800.0,0.005159
340900.0,0.005949
341000.0,0.006731
341100.0,0.007505
341200.0,0.00827
341300.0,0.009024
341400.0,0.009768
341500.0,0.010501
341600.0,0.011222
341700.0,0.01193
341800.0,0.012626
341900.0,0.013307
342000.0,0.013974
342100.0,0.014625
342200.0,0.01526
342300.0,0.015878
342400.0,0.01648
342500.0,0.017063
342600.0,0.017629
342700.0,0.018176
342800.0,0.018705
342900.0,0.019213
343000.0,0.019702
343100.0,0.020172
343200.0,0.02062
343300.0,0.021048
343400.0,0.021454
343500.0,0.021839
343600.0,0.022202
343700.0,0.022543
343800.0,0.022861
343900.0,0.023157
344000.0,0.023431
344100.0,0.023682
344200.0,0.023911
344300.0,0.024117
344400.0,0.024299
344500.0,0.024458
344600.0,0.024594
344700.0,0.024705
344800.0,0.024793
344900.0,0.024856
345000.0,0.024895
345100.0,0.024906
345200.0,0.024894
345300.0,0.024857
345400.0,0.024796
345500.0,0.024712
345600.0,0.024605
345700.0,0.024476
345800.0,0.024324
345900.0,0.02415
346000.0,0.023955
346100.0,0.023742
346200.0,0.023508
346300.0,0.023253
346400.0,0.022978
346500.0,0.022681
346600.0,0.022364
346700.0,0.022027
346800.0,0.021669
346900.0,0.021291
347000.0,0.020893
347100.0,0.020473
347200.0,0.020035
347300.0,0.019579
347400.0,0.019107
347500.0,0.018618
347600.0,0.018114
347700.0,0.017596
347800.0,0.017063
347900.0,0.016518
348000.0,0.015961
348100.0,0.015394
348200.0,0.014815
348300.0,0.014226
348400.0,0.013627
348500.0,0.013018
348600.0,0.012401
348700.0,0.011774
348800.0,0.01114
348900.0,0.010497
349000.0,0.009848
349100.0,0.009191
349200.0,0.008528
349300.0,0.00786
349400.0,0.007188
349500.0,0.006512
349600.0,0.005834
349700.0,0.005155
349800.0,0.004474
349900.0,0.003795
350000.0,0.003116
350100.0,0.002441
350200.0,0.00177
350300.0,0.001102
350400.0,0.000438
350500.0,-0.00022
350600.0,-0.000874
350700.0,-0.001522
350800.0,-0.002164
350900.0,-0.002799
351000.0,-0.003428
351100.0,-0.004053
351200.0,-0.00467
351300.0,-0.005278
351400.0,-0.005877
351500.0,-0.006466
351600.0,-0.007044
351700.0,-0.007611
351800.0,-0.008164
351900.0,-0.008705
352000.0,-0.009231
352100.0,-0.009739
352200.0,-0.010232
352300.0,-0.01071
352400.0,-0.011172
352500.0,-0.01162
352600.0,-0.012051
352700.0,-0.012467
352800.0,-0.012867
352900.0,-0.013252
353000.0,-0.01362
353100.0,-0.013974
353200.0,-0.014311
353300.0,-0.01463
353400.0,-0.014931
353500.0,-0.015214
353600.0,-0.015478
353700.0,-0.015723
353800.0,-0.015948
353900.0,-0.016154
354000.0,-0.016341
354100.0,-0.016507
354200.0,-0.016655
354300.0,-0.016784
354400.0,-0.016894
354500.0,-0.016985
354600.0,-0.017058
354700.0,-0.017113
354800.0,-0.017149
354900.0,-0.017167
355000.0,-0.017168
355100.0,-0.017149
355200.0,-0.017113
355300.0,-0.017058
355400.0,-0.016986
355500.0,-0.016897
355600.0,-0.01679
355700.0,-0.016666
355800.0,-0.016526
355900.0,-0.016368
356000.0,-0.016195
356100.0,-0.016005
356200.0,-0.015799
356300.0,-0.015579
356400.0,-0.015343
356500.0,-0.015093
356600.0,-0.014829
356700.0,-0.014551
356800.0,-0.014261
356900.0,-0.013959
357000.0,-0.013645
357100.0,-0.013323
357200.0,-0.01299
357300.0,-0.012647
357400.0,-0.012294
357500.0,-0.011933
357600.0,-0.011562
357700.0,-0.011182
357800.0,-0.010794
357900.0,-0.010399
358000.0,-0.009995
358100.0,-0.009582
358200.0,-0.009163
358300.0,-0.008738
358400.0,-0.008308
358500.0,-0.007874
358600.0,-0.007436
358700.0,-0.006996
358800.0,-0.006554
358900.0,-0.00611
359000.0,-0.005666
359100.0,-0.005223
359200.0,-0.00478
359300.0,-0.004337
359400.0,-0.003894
359500.0,-0.003452
359600.0,-0.003012
359700.0,-0.002573
359800.0,-0.002136
359900.0,-0.001702
360000.0,-0.001271
360100.0,-0.000843
360200.0,-0.000421
360300.0,-4e-06
360400.0,0.000407
360500.0,0.000812
360600.0,0.001209
360700.0,0.0016
360800.0,0.001983
360900.0,0.002359
361000.0,0.002727
361100.0,0.003087
361200.0,0.00344
361300.0,0.003784
361400.0,0.004119
361500.0,0.004445
361600.0,0.004761
361700.0,0.005068
361800.0,0.005364
361900.0,0.00565
362000.0,0.005925
362100.0,0.006188
362200.0,0.00644
362300.0,0.00668
362400.0,0.006908
362500.0,0.007125
362600.0,0.00733
362700.0,0.007523
362800.0,0.007704
362900.0,0.007873
363000.0,0.008029
363100.0,0.008172
363200.0,0.008302
363300.0,0.008419
363400.0,0.008524
363500.0,0.008616
363600.0,0.008696
363700.0,0.008764
363800.0,0.008819
363900.0,0.008863
364000.0,0.008895
364100.0,0.008918
364200.0,0.008929
364300.0,0.008929
364400.0,0.008918
364500.0,0.008895
364600.0,0.00886
364700.0,0.008813
364800.0,0.008756
364900.0,0.008686
365000.0,0.008606
365100.0,0.008512
365200.0,0.008407
365300.0,0.008293
365400.0,0.00817
365500.0,0.008037
365600.0,0.007897
365700.0,0.007748
365800.0,0.007592
365900.0,0.007429
366000.0,0.007259
366100.0,0.007083
366200.0,0.006901
366300.0,0.006711
366400.0,0.006515
366500.0,0.006311
366600.0,0.006102
366700.0,0.005885
366800.0,0.005663
366900.0,0.005435
367000.0,0.005202
367100.0,0.004964
367200.0,0.004721
367300.0,0.004475
367400.0,0.004225
367500.0,0.003974
367600.0,0.003721
367700.0,0.003467
367800.0,0.003212
367900.0,0.002957
368000.0,0.002703
368100.0,0.00245
368200.0,0.002199
368300.0,0.00195
368400.0,0.001702
368500.0,0.001456
368600.0,0.001212
368700.0,0.00097
368800.0,0.00073
368900.0,0.000491
369000.0,0.000255
369100.0,1.8e-05
369200.0,-0.000216
369300.0,-0.000448
369400.0,-0.000677
369500.0,-0.000902
369600.0,-0.001123
369700.0,-0.001338
369800.0,-0.001549
369900.0,-0.001752
370000.0,-0.001949
370100.0,-0.002134
370200.0,-0.002312
370300.0,-0.002481
370400.0,-0.002643
370500.0,-0.002796
370600.0,-0.002941
370700.0,-0.003078
370800.0,-0.003208
370900.0,-0.00333
371000.0,-0.003445
371100.0,-0.003557
371200.0,-0.003661
371300.0,-0.003757
371400.0,-0.003845
371500.0,-0.003925
371600.0,-0.003996
371700.0,-0.004058
371800.0,-0.004111
371900.0,-0.004154
372000.0,-0.004188
372100.0,-0.00421
372200.0,-0.004222
372300.0,-0.004225
372400.0,-0.004219
372500.0,-0.004205
372600.0,-0.004181
372700.0,-0.004149
372800.0,-0.004108
372900.0,-0.004059
373000.0,-0.004002
373100.0,-0.003937
373200.0,-0.003863
373300.0,-0.003781
373400.0,-0.003691
373500.0,-0.003593
373600.0,-0.003487
373700.0,-0.003374
373800.0,-0.003253
373900.0,-0.003124
374000.0,-0.002989
374100.0,-0.002846
374200.0,-0.002697
374300.0,-0.00254
374400.0,-0.002376
374500.0,-0.002206
374600.0,-0.00203
374700.0,-0.001848
374800.0,-0.001661
374900.0,-0.001469
375000.0,-0.001273
375100.0,-0.001074
375200.0,-0.000873
375300.0,-0.000669
375400.0,-0.000462
375500.0,-0.000253
375600.0,-4.2e-05
375700.0,0.00017
375800.0,0.000385
375900.0,0.000602
376000.0,0.000821
376100.0,0.001044
376200.0,0.001269
376300.0,0.001495
376400.0,0.001721
376500.0,0.001948
376600.0,0.002175
376700.0,0.0024
376800.0,0.002624
376900.0,0.002846
377000.0,0.003065
377100.0,0.003278
377200.0,0.003487
377300.0,0.003692
377400.0,0.003894
377500.0,0.004091
377600.0,0.004285
377700.0,0.004474
377800.0,0.004659
377900.0,0.004839
378000.0,0.005014
378100.0,0.005186
378200.0,0.005352
378300.0,0.005511
378400.0,0.005664
378500.0,0.005809
378600.0,0.005947
378700.0,0.006076
378800.0,0.006197
378900.0,0.00631
379000.0,0.006413
379100.0,0.006508
379200.0,0.006595
379300.0,0.006673
379400.0,0.006742
379500.0,0.006803
379600.0,0.006855
379700.0,0.006898
379800.0,0.006932
379900.0,0.006956
380000.0,0.006972
380100.0,0.006976
380200.0,0.006971
380300.0,0.006956
380400.0,0.00693
380500.0,0.006894
380600.0,0.006848
380700.0,0.006791
380800.0,0.006724
380900.0,0.006646
381000.0,0.006557
381100.0,0.006458
381200.0,0.006347
381300.0,0.006226
381400.0,0.006095
381500.0,0.005953
381600.0,0.005801
381700.0,0.005638
381800.0,0.005467
381900.0,0.005285
382000.0,0.005095
382100.0,0.004898
382200.0,0.004693
382300.0,0.004479
382400.0,0.004257
382500.0,0.004027
382600.0,0.003789
382700.0,0.003543
382800.0,0.00329
382900.0,0.003029
383000.0,0.002761
383100.0,0.002483
383200.0,0.002199
383300.0,0.001909
383400.0,0.001612
383500.0,0.001311
383600.0,0.001004
383700.0,0.000692
383800.0,0.000376
383900.0,5.6e-05
384000.0,-0.000268
384100.0,-0.000595
384200.0,-0.000926
384300.0,-0.00126
384400.0,-0.001597
384500.0,-0.001936
384600.0,-0.002278
384700.0,-0.002621
384800.0,-0.002965
384900.0,-0.003309
385000.0,-0.003653
385100.0,-0.003995
385200.0,-0.004334
385300.0,-0.004671
385400.0,-0.005004
385500.0,-0.005335
385600.0,-0.005661
385700.0,-0.005983
385800.0,-0.006301
385900.0,-0.006615
386000.0,-0.006924
386100.0,-0.00723
386200.0,-0.007531
386300.0,-0.007828
386400.0,-0.008118
386500.0,-0.008404
386600.0,-0.008682
386700.0,-0.008954
386800.0,-0.009219
386900.0,-0.009476
387000.0,-0.009725
387100.0,-0.009964
387200.0,-0.010194
387300.0,-0.010414
387400.0,-0.010624
387500.0,-0.010823
387600.0,-0.011012
387700.0,-0.011189
387800.0,-0.011354
387900.0,-0.011508
388000.0,-0.011649
388100.0,-0.011778
388200.0,-0.011893
388300.0,-0.011996
388400.0,-0.012085
388500.0,-0.012162
388600.0,-0.012225
388700.0,-0.012276
388800.0,-0.012313
388900.0,-0.012337
389000.0,-0.012348
389100.0,-0.012347
389200.0,-0.012333
389300.0,-0.012305
389400.0,-0.012264
389500.0,-0.012208
389600.0,-0.012139
389700.0,-0.012056
389800.0,-0.011959
389900.0,-0.011848
390000.0,-0.011723
390100.0,-0.011584
390200.0,-0.011431
390300.0,-0.011265
390400.0,-0.011086
390500.0,-0.010894
390600.0,-0.010688
390700.0,-0.01047
390800.0,-0.010239
390900.0,-0.009994
391000.0,-0.009737
391100.0,-0.009466
391200.0,-0.009181
391300.0,-0.008885
391400.0,-0.008576
391500.0,-0.008255
391600.0,-0.007923
391700.0,-0.00758
391800.0,-0.007227
391900.0,-0.006865
392000.0,-0.006493
392100.0,-0.006117
392200.0,-0.005732
392300.0,-0.00534
392400.0,-0.004941
392500.0,-0.004534
392600.0,-0.004121
392700.0,-0.003702
392800.0,-0.003276
392900.0,-0.002844
393000.0,-0.002407
393100.0,-0.001962
393200.0,-0.001513
393300.0,-0.001059
393400.0,-0.000603
393500.0,-0.000144
393600.0,0.000317
393700.0,0.00078
393800.0,0.001244
393900.0,0.001708
394000.0,0.002171
394100.0,0.002634
394200.0,0.003096
394300.0,0.003556
394400.0,0.004015
394500.0,0.004472
394600.0,0.004927
394700.0,0.005379
394800.0,0.005828
394900.0,0.006273
395000.0,0.006713
395100.0,0.007149
395200.0,0.007578
395300.0,0.008001
395400.0,0.008417
395500.0,0.008825
395600.0,0.009224
395700.0,0.009613
395800.0,0.009993
395900.0,0.010363
396000.0,0.010722
396100.0,0.011068
396200.0,0.011403
396300.0,0.011727
396400.0,0.012039
396500.0,0.012339
396600.0,0.012627
396700.0,0.012904
396800.0,0.013169
396900.0,0.013422
397000.0,0.013662
397100.0,0.013894
397200.0,0.014113
397300.0,0.01432
397400.0,0.014512
397500.0,0.014691
397600.0,0.014855
397700.0,0.015004
397800.0,0.015137
397900.0,0.015253
398000.0,0.015353
398100.0,0.015431
398200.0,0.015491
398300.0,0.015535
398400.0,0.015561
398500.0,0.015571
398600.0,0.015563
398700.0,0.01554
398800.0,0.0155
398900.0,0.015445
399000.0,0.015375
399100.0,0.015293
399200.0,0.015195
399300.0,0.015083
399400.0,0.014955
399500.0,0.014812
399600.0,0.014654
399700.0,0.014481
399800.0,0.014293
399900.0,0.014089
400000.0,0.013871
400100.0,0.013637
400200.0,0.013388
400300.0,0.013125
400400.0,0.012849
400500.0,0.012559
400600.0,0.012256
400700.0,0.011941
400800.0,0.011614
400900.0,0.011274
401000.0,0.010923
401100.0,0.010561
401200.0,0.010188
401300.0,0.009804
401400.0,0.009409
401500.0,0.009004
401600.0,0.00859
401700.0,0.008165
401800.0,0.007732
401900.0,0.00729
402000.0,0.00684
402100.0,0.006382
402200.0,0.005916
402300.0,0.005444
402400.0,0.004965
402500.0,0.004482
402600.0,0.003995
402700.0,0.003503
402800.0,0.003009
402900.0,0.002514
403000.0,0.002017
403100.0,0.001522
403200.0,0.001027
403300.0,0.000532
403400.0,3.8e-05
403500.0,-0.000455
403600.0,-0.000948
403700.0,-0.001439
403800.0,-0.00193
403900.0,-0.00242
404000.0,-0.002909
404100.0,-0.0034
404200.0,-0.003889
404300.0,-0.004376
404400.0,-0.00486
404500.0,-0.005339
404600.0,-0.005813
404700.0,-0.006282
404800.0,-0.006744
404900.0,-0.007198
405000.0,-0.007645
405100.0,-0.008079
405200.0,-0.008504
405300.0,-0.008919
405400.0,-0.009324
405500.0,-0.009719
405600.0,-0.010104
405700.0,-0.010477
405800.0,-0.01084
405900.0,-0.011192
406000.0,-0.011532
406100.0,-0.011862
406200.0,-0.01218
406300.0,-0.012486
406400.0,-0.01278
406500.0,-0.013061
406600.0,-0.013329
406700.0,-0.013584
406800.0,-0.013825
406900.0,-0.014053
407000.0,-0.014268
407100.0,-0.014469
407200.0,-0.014656
407300.0,-0.014828
407400.0,-0.014986
407500.0,-0.01513
407600.0,-0.015258
407700.0,-0.015372
407800.0,-0.01547
407900.0,-0.015553
408000.0,-0.015622
408100.0,-0.015674
408200.0,-0.015712
408300.0,-0.015735
408400.0,-0.015743
408500.0,-0.015736
408600.0,-0.015714
408700.0,-0.015676
408800.0,-0.015624
408900.0,-0.015557
409000.0,-0.015474
409100.0,-0.015375
409200.0,-0.01526
409300.0,-0.01513
409400.0,-0.014985
409500.0,-0.014824
409600.0,-0.01465
409700.0,-0.014461
409800.0,-0.014259
409900.0,-0.014043
410000.0,-0.013816
410100.0,-0.013579
410200.0,-0.01333
410300.0,-0.013071
410400.0,-0.012801
410500.0,-0.01252
410600.0,-0.012229
410700.0,-0.011928
410800.0,-0.011617
410900.0,-0.011295
411000.0,-0.010964
411100.0,-0.010621
411200.0,-0.010268
411300.0,-0.009906
411400.0,-0.009535
411500.0,-0.009156
411600.0,-0.008768
411700.0,-0.008373
411800.0,-0.007969
411900.0,-0.007559
412000.0,-0.007143
412100.0,-0.00672
412200.0,-0.006291
412300.0,-0.005857
412400.0,-0.005418
412500.0,-0.004975
412600.0,-0.004529
412700.0,-0.00408
412800.0,-0.003629
412900.0,-0.003177
413000.0,-0.002725
413100.0,-0.002274
413200.0,-0.001823
413300.0,-0.001373
413400.0,-0.000925
413500.0,-0.000478
413600.0,-3.3e-05
413700.0,0.00041
413800.0,0.000851
413900.0,0.00129
414000.0,0.001725
414100.0,0.002159
414200.0,0.00259
414300.0,0.003017
414400.0,0.00344
414500.0,0.003859
414600.0,0.004273
414700.0,0.004683
414800.0,0.005087
414900.0,0.005486
415000.0,0.005879
415100.0,0.006267
415200.0,0.006648
415300.0,0.007022
415400.0,0.007388
415500.0,0.007746
415600.0,0.008095
415700.0,0.008433
415800.0,0.008761
415900.0,0.009078
416000.0,0.009383
416100.0,0.009673
416200.0,0.009949
416300.0,0.010213
416400.0,0.010465
416500.0,0.010705
416600.0,0.010933
416700.0,0.011149
416800.0,0.011353
416900.0,0.011547
417000.0,0.01173
417100.0,0.011907
417200.0,0.012073
417300.0,0.012228
417400.0,0.012372
417500.0,0.012504
417600.0,0.012624
417700.0,0.012732
417800.0,0.012827
417900.0,0.012908
418000.0,0.012976
418100.0,0.013028
418200.0,0.013065
418300.0,0.013089
418400.0,0.0131
418500.0,0.013097
418600.0,0.013081
418700.0,0.013051
418800.0,0.013009
418900.0,0.012953
419000.0,0.012886
419100.0,0.012806
419200.0,0.012714
419300.0,0.012609
419400.0,0.012492
419500.0,0.012363
419600.0,0.012222
419700.0,0.012069
419800.0,0.011905
419900.0,0.01173
420000.0,0.011543
420100.0,0.011346
420200.0,0.011139
420300.0,0.010921
420400.0,0.010694
420500.0,0.010458
420600.0,0.010213
420700.0,0.00996
420800.0,0.009699
420900.0,0.00943
421000.0,0.009153
421100.0,0.008871
421200.0,0.008583
421300.0,0.008288
421400.0,0.007986
421500.0,0.007678
421600.0,0.007364
421700.0,0.007043
421800.0,0.006717
421900.0,0.006383
422000.0,0.006044
422100.0,0.005696
422200.0,0.005342
422300.0,0.004983
422400.0,0.00462
422500.0,0.004254
422600.0,0.003885
422700.0,0.003515
422800.0,0.003143
422900.0,0.002772
423000.0,0.002401
423100.0,0.002036
423200.0,0.001672
423300.0,0.00131
423400.0,0.00095
423500.0,0.000592
423600.0,0.000236
423700.0,-0.000118
423800.0,-0.00047
423900.0,-0.000819
424000.0,-0.001167
424100.0,-0.001514
424200.0,-0.001858
424300.0,-0.002199
424400.0,-0.002535
424500.0,-0.002866
424600.0,-0.003193
424700.0,-0.003513
424800.0,-0.003828
424900.0,-0.004136
425000.0,-0.004438
425100.0,-0.004732
425200.0,-0.005019
425300.0,-0.005298
425400.0,-0.00557
425500.0,-0.005835
425600.0,-0.006092
425700.0,-0.00634
425800.0,-0.00658
425900.0,-0.006811
426000.0,-0.007032
426100.0,-0.007244
426200.0,-0.007446
426300.0,-0.007637
426400.0,-0.007818
426500.0,-0.007988
426600.0,-0.008146
426700.0,-0.008294
426800.0,-0.008431
426900.0,-0.008556
427000.0,-0.00867
427100.0,-0.008772
427200.0,-0.008863
427300.0,-0.008943
427400.0,-0.009012
427500.0,-0.009069
427600.0,-0.009116
427700.0,-0.009152
427800.0,-0.009177
427900.0,-0.009192
428000.0,-0.009197
428100.0,-0.009193
428200.0,-0.009179
428300.0,-0.009154
428400.0,-0.00912
428500.0,-0.009075
428600.0,-0.00902
428700.0,-0.008955
428800.0,-0.008878
428900.0,-0.008791
429000.0,-0.008693
429100.0,-0.008581
429200.0,-0.008459
429300.0,-0.008326
429400.0,-0.008183
429500.0,-0.008029
429600.0,-0.007866
429700.0,-0.007693
429800.0,-0.007512
429900.0,-0.007322
430000.0,-0.007123
430100.0,-0.006918
430200.0,-0.006705
430300.0,-0.006484
430400.0,-0.006257
430500.0,-0.006023
430600.0,-0.005784
430700.0,-0.005539
430800.0,-0.005289
430900.0,-0.005035
431000.0,-0.004776
431100.0,-0.004517
431200.0,-0.004254
431300.0,-0.003989
431400.0,-0.003721
431500.0,-0.00345
431600.0,-0.003177
431700.0,-0.002901
431800.0,-0.002623
431900.0,-0.002341
432000.0,-0.002057
432100.0,-0.001767
432200.0,-0.001474
432300.0,-0.001179
432400.0,-0.000882
432500.0,-0.000585
432600.0,-0.000288
432700.0,8e-06
432800.0,0.000302
432900.0,0.000594
433000.0,0.000883
433100.0,0.001165
433200.0,0.001443
433300.0,0.001716
433400.0,0.001985
433500.0,0.002248
433600.0,0.002505
433700.0,0.002758
433800.0,0.003004
433900.0,0.003245
434000.0,0.003479
434100.0,0.003708
434200.0,0.003931
434300.0,0.004147
434400.0,0.004356
434500.0,0.004559
434600.0,0.004754
434700.0,0.004942
434800.0,0.005123
434900.0,0.005296
435000.0,0.005461
435100.0,0.005619
435200.0,0.005768
435300.0,0.005908
435400.0,0.00604
435500.0,0.006162
435600.0,0.006275
435700.0,0.006378
435800.0,0.006471
435900.0,0.006555
436000.0,0.006628
436100.0,0.006692
436200.0,0.006746
436300.0,0.00679
436400.0,0.006824
436500.0,0.006848
436600.0,0.006861
436700.0,0.006864
436800.0,0.006856
436900.0,0.006837
437000.0,0.006807
437100.0,0.006763
437200.0,0.006708
437300.0,0.006641
437400.0,0.006563
437500.0,0.006474
437600.0,0.006374
437700.0,0.006265
437800.0,0.006147
437900.0,0.006021
438000.0,0.005886
438100.0,0.005749
438200.0,0.005604
438300.0,0.005453
438400.0,0.005295
438500.0,0.00513
438600.0,0.004958
438700.0,0.004779
438800.0,0.004593
438900.0,0.004399
439000.0,0.004197
439100.0,0.003984
439200.0,0.003763
439300.0,0.003536
439400.0,0.003301
439500.0,0.003059
439600.0,0.002812
439700.0,0.002559
439800.0,0.002301
439900.0,0.002038
440000.0,0.001772
440100.0,0.001502
440200.0,0.001229
440300.0,0.000953
440400.0,0.000675
440500.0,0.000395
440600.0,0.000114
440700.0,-0.000169
440800.0,-0.000451
440900.0,-0.000734
441000.0,-0.001016
441100.0,-0.001295
441200.0,-0.001573
441300.0,-0.00185
441400.0,-0.002124
441500.0,-0.002397
441600.0,-0.002667
441700.0,-0.002935
441800.0,-0.0032
441900.0,-0.003463
442000.0,-0.003722
442100.0,-0.003979
442200.0,-0.004233
442300.0,-0.004482
442400.0,-0.004727
442500.0,-0.004967
442600.0,-0.005202
442700.0,-0.005431
442800.0,-0.005655
442900.0,-0.005874
443000.0,-0.006086
443100.0,-0.006294
443200.0,-0.006495
443300.0,-0.006689
443400.0,-0.006876
443500.0,-0.007056
443600.0,-0.007227
443700.0,-0.007389
443800.0,-0.007541
443900.0,-0.007684
444000.0,-0.007815
444100.0,-0.007933
444200.0,-0.008039
444300.0,-0.008133
444400.0,-0.008216
444500.0,-0.008288
444600.0,-0.008349
444700.0,-0.008399
444800.0,-0.008438
444900.0,-0.008467
445000.0,-0.008486
445100.0,-0.008498
445200.0,-0.0085
445300.0,-0.008493
445400.0,-0.008476
445500.0,-0.00845
445600.0,-0.008413
445700.0,-0.008367
445800.0,-0.00831
445900.0,-0.008243
446000.0,-0.008165
446100.0,-0.008077
446200.0,-0.007977
446300.0,-0.007867
446400.0,-0.007745
446500.0,-0.007613
446600.0,-0.007468
446700.0,-0.007313
446800.0,-0.007146
446900.0,-0.006967
447000.0,-0.006776
447100.0,-0.006572
447200.0,-0.006356
447300.0,-0.00613
447400.0,-0.005894
447500.0,-0.005647
447600.0,-0.005392
447700.0,-0.005129
447800.0,-0.004857
447900.0,-0.004578
448000.0,-0.004293
448100.0,-0.004004
448200.0,-0.003709
448300.0,-0.003409
448400.0,-0.003102
448500.0,-0.00279
448600.0,-0.002472
448700.0,-0.002148
448800.0,-0.00182
448900.0,-0.001486
449000.0,-0.001146
449100.0,-0.000802
449200.0,-0.000453
449300.0,-0.0001
449400.0,0.000257
449500.0,0.000617
449600.0,0.000981
449700.0,0.001347
449800.0,0.001717
449900.0,0.002088
450000.0,0.002462
450100.0,0.00284
450200.0,0.003219
450300.0,0.003599
450400.0,0.00398
450500.0,0.00436
450600.0,0.004738
450700.0,0.005115
450800.0,0.005489
450900.0,0.00586
451000.0,0.006227
451100.0,0.006585
451200.0,0.006939
451300.0,0.007287
451400.0,0.00763
451500.0,0.007967
451600.0,0.008297
451700.0,0.008622
451800.0,0.008941
451900.0,0.009253
452000.0,0.009559
452100.0,0.009859
452200.0,0.010153
452300.0,0.01044
452400.0,0.010719
452500.0,0.01099
452600.0,0.011252
452700.0,0.011506
452800.0,0.011751
452900.0,0.011986
453000.0,0.012212
453100.0,0.012428
453200.0,0.012633
453300.0,0.012827
453400.0,0.01301
453500.0,0.01318
453600.0,0.013339
453700.0,0.013484
453800.0,0.013617
453900.0,0.013736
454000.0,0.013842
454100.0,0.013932
454200.0,0.014008
454300.0,0.014071
454400.0,0.014119
454500.0,0.014154
454600.0,0.014174
454700.0,0.014179
454800.0,0.01417
454900.0,0.014147
455000.0,0.014109
455100.0,0.014056
455200.0,0.013988
455300.0,0.013905
455400.0,0.013807
455500.0,0.013694
455600.0,0.013567
455700.0,0.013424
455800.0,0.013268
455900.0,0.013098
456000.0,0.012914
456100.0,0.012719
456200.0,0.012512
456300.0,0.012291
456400.0,0.012058
456500.0,0.011812
456600.0,0.011552
456700.0,0.011279
456800.0,0.010993
456900.0,0.010692
457000.0,0.010377
457100.0,0.010044
457200.0,0.009697
457300.0,0.009336
457400.0,0.00896
457500.0,0.008571
457600.0,0.008169
457700.0,0.007755
457800.0,0.007329
457900.0,0.006893
458000.0,0.006446
458100.0,0.005991
458200.0,0.005528
458300.0,0.005057
458400.0,0.004577
458500.0,0.00409
458600.0,0.003596
458700.0,0.003096
458800.0,0.00259
458900.0,0.002077
459000.0,0.00156
459100.0,0.001037
459200.0,0.00051
459300.0,-2.2e-05
459400.0,-0.000558
459500.0,-0.001099
459600.0,-0.001643
459700.0,-0.002191
459800.0,-0.002741
459900.0,-0.003295
460000.0,-0.00385
460100.0,-0.004409
460200.0,-0.004968
460300.0,-0.005528
460400.0,-0.006088
460500.0,-0.006647
460600.0,-0.007203
460700.0,-0.007758
460800.0,-0.008309
460900.0,-0.008856
461000.0,-0.009398
461100.0,-0.009936
461200.0,-0.010467
461300.0,-0.010993
461400.0,-0.011511
461500.0,-0.012022
461600.0,-0.012525
461700.0,-0.013019
461800.0,-0.013504
461900.0,-0.013978
462000.0,-0.014441
462100.0,-0.01489
462200.0,-0.015328
462300.0,-0.015753
462400.0,-0.016165
462500.0,-0.016565
462600.0,-0.016951
462700.0,-0.017325
462800.0,-0.017685
462900.0,-0.018032
463000.0,-0.018365
463100.0,-0.018688
463200.0,-0.018997
463300.0,-0.019291
463400.0,-0.019571
463500.0,-0.019834
463600.0,-0.020081
463700.0,-0.020311
463800.0,-0.020523
463900.0,-0.020717
464000.0,-0.020891
464100.0,-0.021043
464200.0,-0.021175
464300.0,-0.021286
464400.0,-0.021376
464500.0,-0.021444
464600.0,-0.021491
464700.0,-0.021517
464800.0,-0.021521
464900.0,-0.021504
465000.0,-0.021465
465100.0,-0.021404
465200.0,-0.021322
465300.0,-0.02122
465400.0,-0.021096
465500.0,-0.020952
465600.0,-0.020787
465700.0,-0.020601
465800.0,-0.020396
465900.0,-0.020171
466000.0,-0.019926
466100.0,-0.019663
466200.0,-0.01938
466300.0,-0.019078
466400.0,-0.018756
466500.0,-0.018414
466600.0,-0.018052
466700.0,-0.017671
466800.0,-0.017269
466900.0,-0.016848
467000.0,-0.016408
467100.0,-0.015947
467200.0,-0.015467
467300.0,-0.014969
467400.0,-0.014452
467500.0,-0.013917
467600.0,-0.013364
467700.0,-0.012794
467800.0,-0.012208
467900.0,-0.011606
468000.0,-0.010988
468100.0,-0.010354
468200.0,-0.009706
468300.0,-0.009045
468400.0,-0.008372
468500.0,-0.007687
468600.0,-0.006991
468700.0,-0.006285
468800.0,-0.00557
468900.0,-0.004847
469000.0,-0.004116
469100.0,-0.003381
469200.0,-0.002639
469300.0,-0.001892
469400.0,-0.001139
469500.0,-0.000381
469600.0,0.000382
469700.0,0.001149
469800.0,0.00192
469900.0,0.002693
470000.0,0.00347
470100.0,0.004249
470200.0,0.00503
470300.0,0.00581
470400.0,0.00659
470500.0,0.007367
470600.0,0.008142
470700.0,0.008913
470800.0,0.00968
470900.0,0.010442
471000.0,0.011197
471100.0,0.011946
471200.0,0.012688
471300.0,0.013421
471400.0,0.014146
471500.0,0.014861
471600.0,0.015565
471700.0,0.016257
471800.0,0.016937
471900.0,0.017603
472000.0,0.018255
472100.0,0.01889
472200.0,0.019509
472300.0,0.020111
472400.0,0.020695
472500.0,0.02126
472600.0,0.021808
472700.0,0.022336
472800.0,0.022844
472900.0,0.023332
473000.0,0.023801
473100.0,0.024249
473200.0,0.024676
473300.0,0.025082
473400.0,0.025467
473500.0,0.025831
473600.0,0.026173
473700.0,0.026492
473800.0,0.026789
473900.0,0.027063
474000.0,0.027313
474100.0,0.027541
474200.0,0.027744
474300.0,0.027921
474400.0,0.028072
474500.0,0.028195
474600.0,0.028291
474700.0,0.028359
474800.0,0.028397
474900.0,0.028407
475000.0,0.028387
475100.0,0.028333
475200.0,0.028251
475300.0,0.02814
475400.0,0.028001
475500.0,0.027835
475600.0,0.027642
475700.0,0.027422
475800.0,0.027176
475900.0,0.026905
476000.0,0.026609
476100.0,0.026291
476200.0,0.025948
476300.0,0.02558
476400.0,0.025187
476500.0,0.024769
476600.0,0.024327
476700.0,0.023859
476800.0,0.023367
476900.0,0.022851
477000.0,0.022311
477100.0,0.021747
477200.0,0.02116
477300.0,0.020551
477400.0,0.019919
477500.0,0.019266
477600.0,0.018592
477700.0,0.017898
477800.0,0.017183
477900.0,0.016449
478000.0,0.015696
478100.0,0.014923
478200.0,0.014133
478300.0,0.013325
478400.0,0.012502
478500.0,0.011664
478600.0,0.010812
478700.0,0.009948
478800.0,0.009072
478900.0,0.008185
479000.0,0.007289
479100.0,0.006386
479200.0,0.005475
479300.0,0.004558
479400.0,0.003634
479500.0,0.002705
479600.0,0.001772
479700.0,0.000835
479800.0,-0.000106
479900.0,-0.001049
480000.0,-0.001993
480100.0,-0.002938
480200.0,-0.003883
480300.0,-0.004827
480400.0,-0.005769
480500.0,-0.00671
480600.0,-0.007647
480700.0,-0.008581
480800.0,-0.00951
480900.0,-0.010435
481000.0,-0.011353
481100.0,-0.012266
481200.0,-0.013172
481300.0,-0.014068
481400.0,-0.014954
481500.0,-0.015829
481600.0,-0.01669
481700.0,-0.017538
481800.0,-0.01837
481900.0,-0.019186
482000.0,-0.019985
482100.0,-0.020763
482200.0,-0.021522
482300.0,-0.022262
482400.0,-0.022983
482500.0,-0.023682
482600.0,-0.024362
482700.0,-0.025019
482800.0,-0.025656
482900.0,-0.02627
483000.0,-0.026861
483100.0,-0.027429
483200.0,-0.027973
483300.0,-0.028494
483400.0,-0.028989
483500.0,-0.02946
483600.0,-0.029905
483700.0,-0.030324
483800.0,-0.030717
483900.0,-0.031084
484000.0,-0.031425
484100.0,-0.031741
484200.0,-0.032029
484300.0,-0.03229
484400.0,-0.032523
484500.0,-0.032726
484600.0,-0.032899
484700.0,-0.033043
484800.0,-0.033155
484900.0,-0.033236
485000.0,-0.033286
485100.0,-0.0333
485200.0,-0.033283
485300.0,-0.033233
485400.0,-0.033152
485500.0,-0.03304
485600.0,-0.032897
485700.0,-0.032724
485800.0,-0.03252
485900.0,-0.032287
486000.0,-0.032025
486100.0,-0.031735
486200.0,-0.031417
486300.0,-0.031071
486400.0,-0.030697
486500.0,-0.030295
486600.0,-0.029866
486700.0,-0.029411
486800.0,-0.02893
486900.0,-0.028422
487000.0,-0.027889
487100.0,-0.027332
487200.0,-0.026751
487300.0,-0.026145
487400.0,-0.025514
487500.0,-0.02486
487600.0,-0.024182
487700.0,-0.023481
487800.0,-0.022758
487900.0,-0.022011
488000.0,-0.021243
488100.0,-0.020452
488200.0,-0.019639
488300.0,-0.018808
488400.0,-0.017958
488500.0,-0.01709
488600.0,-0.016206
488700.0,-0.015307
488800.0,-0.014393
488900.0,-0.013466
489000.0,-0.012527
489100.0,-0.011577
489200.0,-0.010617
489300.0,-0.009647
489400.0,-0.008668
489500.0,-0.007681
489600.0,-0.006687
489700.0,-0.005686
489800.0,-0.004681
489900.0,-0.003672
490000.0,-0.002659
490100.0,-0.001646
490200.0,-0.000631
490300.0,0.000383
490400.0,0.001398
490500.0,0.002412
490600.0,0.003424
490700.0,0.004434
490800.0,0.005442
490900.0,0.006446
491000.0,0.007447
491100.0,0.008446
491200.0,0.009439
491300.0,0.010426
491400.0,0.011406
491500.0,0.012377
491600.0,0.013338
491700.0,0.014288
491800.0,0.015226
491900.0,0.01615
492000.0,0.01706
492100.0,0.017952
492200.0,0.018827
492300.0,0.019685
492400.0,0.020524
492500.0,0.021343
492600.0,0.022143
492700.0,0.022921
492800.0,0.023678
492900.0,0.024412
493000.0,0.025125
493100.0,0.025813
493200.0,0.026477
493300.0,0.027119
493400.0,0.027737
493500.0,0.028332
493600.0,0.028903
493700.0,0.02945
493800.0,0.029973
493900.0,0.030471
494000.0,0.030944
494100.0,0.031396
494200.0,0.031821
494300.0,0.032219
494400.0,0.032589
494500.0,0.03293
494600.0,0.033242
494700.0,0.033523
494800.0,0.033773
494900.0,0.033992
495000.0,0.034179
495100.0,0.03433
495200.0,0.03445
495300.0,0.034539
495400.0,0.034596
495500.0,0.034622
495600.0,0.034617
495700.0,0.034582
495800.0,0.034517
495900.0,0.034423
496000.0,0.034298
496100.0,0.034147
496200.0,0.033965
496300.0,0.033755
496400.0,0.033516
496500.0,0.033247
496600.0,0.03295
496700.0,0.032624
496800.0,0.03227
496900.0,0.031889
497000.0,0.031479
497100.0,0.031042
497200.0,0.030579
497300.0,0.030089
497400.0,0.029574
497500.0,0.029034
497600.0,0.028469
497700.0,0.02788
497800.0,0.027267
497900.0,0.026631
498000.0,0.025972
498100.0,0.025292
498200.0,0.02459
498300.0,0.023867
498400.0,0.023123
498500.0,0.022359
498600.0,0.021576
498700.0,0.020774
498800.0,0.019954
498900.0,0.019116
499000.0,0.018262
499100.0,0.01739
499200.0,0.016504
499300.0,0.015604
499400.0,0.014692
499500.0,0.013768
499600.0,0.012835
499700.0,0.011893
499800.0,0.010943
499900.0,0.009986
500000.0,0.009023
